modelElementId,installationStatus
006b8d9e-74b0-4f56-b000-65691d382494,INSTALLED_ACCURATELY
00b7f6ac-0942-47bc-a865-11626a6a7add,INSTALLED_ACCURATELY
00c983d8-ac9f-4abe-866d-d8d7223d98a0,INSTALLED_ACCURATELY
011e15f8-b86c-4108-a669-ab4c328bfa3d,INSTALLED_ACCURATELY
012d7be3-9f54-46e7-95e8-0425df3e29a0,INSTALLED_ACCURATELY
014b0e01-ef9d-469a-9e2f-54f280a6fc5b,INSTALLED_ACCURATELY
016e593a-6fec-487a-adeb-403e8f6e00d2,INSTALLED_ACCURATELY
01f00fae-bb4d-41d5-8cc1-fcb9ad8d2668,INSTALLED_ACCURATELY
026e9e47-9e92-4fc8-9e99-1dd70514cfc4,INSTALLED_ACCURATELY
027e05a1-7b95-4e3a-9cdb-862e2f97c833,INSTALLED_ACCURATELY
02dbc537-c5aa-4dcf-9241-24a32c056673,INSTALLED_ACCURATELY
02ef2880-620f-428f-8e17-4d4492fe1a83,INSTALLED_ACCURATELY
030b1b17-92f8-4206-a79f-a26dd612824f,INSTALLED_ACCURATELY
037557af-7f4e-41d4-b55a-98f6cb40157c,INSTALLED_ACCURATELY
039906f9-66b8-4f75-ab41-1ba2274a9872,INSTALLED_ACCURATELY
0512977b-5cc4-48c9-a99f-8d9ff19ef214,INSTALLED_ACCURATELY
051948ee-0222-4617-9f30-4506fab96b4f,INSTALLED_ACCURATELY
062c1fbf-9b98-46d4-8d30-a23b21932b3f,INSTALLED_ACCURATELY
063f32d2-8b8f-4716-ab8b-8268b8289ae6,INSTALLED_ACCURATELY
0690c3cb-16d4-42ef-9ca0-09de42f8d305,INSTALLED_ACCURATELY
06afad50-e9d1-445e-8182-f7471d250fde,INSTALLED_ACCURATELY
0705f61a-c780-4ca9-85b4-84247abd6fc3,INSTALLED_ACCURATELY
076b4ed3-cd64-4d93-92f6-b3ac2b8d9912,INSTALLED_ACCURATELY
0788b577-0db3-479d-bb63-0ed3f220379d,INSTALLED_ACCURATELY
08426cb9-a31c-4e8e-bc27-1e77f37347cf,INSTALLED_ACCURATELY
0854eb75-8842-45ca-a721-35e78f30fa43,INSTALLED_ACCURATELY
08852729-0820-4cac-9486-f551c9ec13e5,INSTALLED_ACCURATELY
0920d357-6dd7-4f16-87b2-2bb2439413c7,INSTALLED_ACCURATELY
09435c7d-59ae-4b81-8bfa-579ac2436a0a,INSTALLED_ACCURATELY
0a0db1c2-2030-4c8a-87f5-204f126a4142,INSTALLED_ACCURATELY
0a349e6c-c142-4460-95f0-ed1fc0369ba3,INSTALLED_ACCURATELY
0a6e1773-d7a5-4a51-8a22-6c196f3b5069,INSTALLED_ACCURATELY
0abf836d-6da5-44af-b6a8-6b73ce6a9102,INSTALLED_ACCURATELY
0acc117e-d368-48a8-9079-209023754ada,INSTALLED_ACCURATELY
0b2d0a59-3bee-462d-bcc3-749264e58ea8,INSTALLED_ACCURATELY
0b716e76-1e66-4be8-aae9-c47a9b149b30,INSTALLED_ACCURATELY
0b7b59dd-7c3c-4c42-bb8d-d8ae0dc453de,INSTALLED_ACCURATELY
0b862b84-04e1-486e-a75c-c3e007a1f849,INSTALLED_ACCURATELY
0c05a475-417b-45d5-bb48-8996b9da8d8f,INSTALLED_ACCURATELY
0c0e9c26-c56b-4ad5-bab9-cbd788f557ca,INSTALLED_ACCURATELY
0c429e1a-a779-464a-87ff-954cd48d7c76,INSTALLED_ACCURATELY
0c4b8ed5-0bc1-4731-b5db-4742289d2edb,INSTALLED_ACCURATELY
0cdd54c1-7821-440e-af18-b17f558fab11,INSTALLED_ACCURATELY
0d4383e5-1600-41c1-8ad7-c3419a69a671,INSTALLED_ACCURATELY
0d7e142d-cb3e-4232-91f5-529b2232c017,INSTALLED_ACCURATELY
0d9f770f-a3ea-4863-b56a-e4ac2ff00f26,INSTALLED_ACCURATELY
0ef73731-d9ee-47cc-b08f-e9439e2e391a,INSTALLED_ACCURATELY
0f44be04-f211-4f1e-aa72-bcc178d561b0,INSTALLED_ACCURATELY
0f512fba-62d9-404c-b913-3e57bdef0131,INSTALLED_ACCURATELY
0fd6561d-13b6-460e-9b80-0a9bb2f7e13d,INSTALLED_ACCURATELY
1103bd09-9bef-41e5-a756-27fc32452c39,INSTALLED_ACCURATELY
1165497e-b492-4e92-ba3b-7bd193770f99,INSTALLED_ACCURATELY
1190426f-3837-4ad5-8895-0b506832c9ad,INSTALLED_ACCURATELY
11c02f18-eb3f-4943-880e-a079c18f1f3c,INSTALLED_ACCURATELY
122a350a-256a-4e3b-83e7-297f9e9aa2f3,INSTALLED_ACCURATELY
12398bf3-dae3-4c29-8275-a97e1cb64d5c,NO_STATUS_ROW
1280cd6b-79a5-4c37-88ef-5b2959479b1a,INSTALLED_ACCURATELY
12ec36f9-2299-473e-b792-406bc5330748,INSTALLED_ACCURATELY
137319a0-b160-4b7d-b8b5-11dc0be8368c,INSTALLED_ACCURATELY
13df2059-8c67-4d7b-998b-1b1250b55c48,INSTALLED_ACCURATELY
13ea2438-1634-4ac0-9033-422753b850d5,INSTALLED_ACCURATELY
141dd1f9-9970-48e1-998c-b8d321cb4865,INSTALLED_ACCURATELY
1436538a-8cc4-4a82-82e4-782eb27e463e,INSTALLED_ACCURATELY
1458c74f-c180-49ec-865e-5750194797a9,INSTALLED_ACCURATELY
145e09db-594f-4b43-a774-30a68d06ac13,INSTALLED_ACCURATELY
14a89d85-5893-4bed-80ed-3d075a066faf,INSTALLED_ACCURATELY
15ae4531-adcd-42d5-b042-1b58689470b5,INSTALLED_ACCURATELY
1605d2d6-161d-4a2a-8cca-9512dba52d81,INSTALLED_ACCURATELY
1676ed3a-24bb-47bf-a8b1-3e12e4dcdc2d,INSTALLED_ACCURATELY
17647c17-63ee-4557-b5c4-787ae297c1ac,INSTALLED_ACCURATELY
1793259a-018e-4bfb-a7c2-06126102efa4,INSTALLED_ACCURATELY
17a4537b-fdb4-46b3-ac0e-4d8d479bafd6,INSTALLED_ACCURATELY
17d1a97d-3b0f-43b3-997e-bc92f8b5dae7,INSTALLED_ACCURATELY
17d8ae39-f7e3-4f6f-91f9-14e54d8cd8e5,INSTALLED_ACCURATELY
18293360-b1a8-4520-a702-cc5cbae4cf7e,INSTALLED_ACCURATELY
189a842f-7d00-4871-a073-27793c99f522,INSTALLED_ACCURATELY
18dcc10d-28d7-4851-be9a-a4052581b0f4,INSTALLED_ACCURATELY
18fe7d30-4135-4f85-8278-cbb9994520f6,INSTALLED_ACCURATELY
1973e981-f673-415e-ae60-3bb531298075,INSTALLED_ACCURATELY
1a0d8ca0-eca0-4e88-97c9-a57b008f0bdc,INSTALLED_ACCURATELY
1a3b3b82-ba2e-4c53-98a4-840b3e9383c5,INSTALLED_ACCURATELY
1a72a37d-ce7f-4be5-9f99-945470fa9ea8,INSTALLED_ACCURATELY
1aaae275-32fc-4166-ba3a-71d1d303c913,INSTALLED_ACCURATELY
1b304251-569a-4657-abf1-2dfd38a6fbc4,INSTALLED_ACCURATELY
1b952a97-61ab-468a-94b3-121edcbe1773,INSTALLED_ACCURATELY
1c12c970-caff-45ae-8e7b-ccc832bb864a,INSTALLED_ACCURATELY
1c148205-3f9c-48f0-99dd-d0391daddfd1,INSTALLED_ACCURATELY
1c1d26e9-9a22-49d8-a7b4-fd981684d06a,INSTALLED_ACCURATELY
1c25cc7c-1628-45e8-bf4c-8f1fbfbc37bd,INSTALLED_ACCURATELY
1c290e52-f5ae-4f28-939e-f428499b57e3,INSTALLED_ACCURATELY
1cd52050-937c-4407-a4ad-dc0ea9f0e614,INSTALLED_ACCURATELY
1cdbf24c-dc44-4f7a-b402-be92aead2e6f,INSTALLED_ACCURATELY
1d003c80-2696-4690-97f4-980fd2dd5e0d,INSTALLED_ACCURATELY
1dcfd80c-dda4-419d-b604-d5367026798d,INSTALLED_ACCURATELY
1e0ca5b6-a037-495e-9a6c-4d869a94717b,INSTALLED_ACCURATELY
1e3b4630-1cee-44a8-b411-32f66a65cc78,INSTALLED_ACCURATELY
1e8c7250-d7a5-453f-b184-12bceeb68feb,INSTALLED_ACCURATELY
1eaaa206-318e-4d4b-9ac2-252e58358155,INSTALLED_ACCURATELY
1f394dc4-11ed-45ee-9aba-cbfa66059f57,INSTALLED_ACCURATELY
1f47feb5-2a0f-4054-9031-4d931f417009,INSTALLED_ACCURATELY
1fb0d74d-9be5-42da-9860-0216caab9146,INSTALLED_ACCURATELY
1fedc99c-87b4-492e-becb-d8faf2e0dcd1,INSTALLED_ACCURATELY
203061e6-c077-4fd9-b947-7888061274ef,INSTALLED_ACCURATELY
209f24a5-ec7b-446a-b5d3-2885eb1311e3,INSTALLED_ACCURATELY
21433805-121c-4b1d-aea0-ccec5bc9a093,INSTALLED_ACCURATELY
215ffd9c-4e43-4c83-9b75-18933ce431b7,INSTALLED_ACCURATELY
222763d5-2706-4480-81c1-3d1fbcfa3d05,INSTALLED_ACCURATELY
22279066-9f34-4bf5-8c10-14c014cdf7a8,INSTALLED_ACCURATELY
2359d573-a7f9-4778-ae43-a279443768c6,INSTALLED_ACCURATELY
235e7d8b-d1d6-4b24-9963-b46f2aa37f49,INSTALLED_ACCURATELY
2408d92c-b582-43fa-a1d9-1eb81b089093,INSTALLED_ACCURATELY
248b46a1-6fe1-4068-b73e-c42010f96a18,INSTALLED_ACCURATELY
24cc94a3-7357-4409-a5aa-78927c37186f,INSTALLED_ACCURATELY
24fc3e48-522a-4902-951b-2edb7577fd89,INSTALLED_ACCURATELY
250f8698-b521-4db4-a372-1ea49a88d412,INSTALLED_ACCURATELY
2514457e-8e7c-4924-82b7-536c293bd8d9,INSTALLED_ACCURATELY
2528262d-4d58-4023-9375-fb9be85a2006,INSTALLED_ACCURATELY
255727ca-f361-4b02-a54b-7cf8f753b318,INSTALLED_ACCURATELY
2757a348-dae3-4e4e-9b51-abaa61f086c2,INSTALLED_ACCURATELY
2788d75f-40c5-41ce-85dc-58c9c7c476fd,INSTALLED_ACCURATELY
280340fb-6639-4bd6-b93f-e2066c1acb15,INSTALLED_ACCURATELY
28063666-1442-4613-b189-c7059d5db74e,INSTALLED_ACCURATELY
28136333-6921-4dcd-85a7-f60c0a86f177,INSTALLED_ACCURATELY
28a39384-a730-45ce-ad78-1c0c34a7f2fe,INSTALLED_ACCURATELY
28fccbc0-30db-4e20-8a70-6f55cf1a8a62,INSTALLED_ACCURATELY
291ee9a8-7f41-4d3d-ad9c-3f6534154206,INSTALLED_ACCURATELY
2ae19d90-259f-4482-a1ff-d14ebee24da0,INSTALLED_ACCURATELY
2b4005a9-dff9-47ff-89ae-21b83999ddb2,INSTALLED_ACCURATELY
2be13a68-33f2-48bd-ad1b-6c6c856ef517,INSTALLED_ACCURATELY
2c81b869-8c1d-4314-bd3a-0f62de301105,INSTALLED_ACCURATELY
2cdb9538-3c69-4ac5-9157-d7c596ddf8f2,INSTALLED_ACCURATELY
2d621300-509e-4915-9bf0-c8051c63045d,INSTALLED_ACCURATELY
2dc1b64b-3d08-43f2-a6dd-8cee51902262,INSTALLED_ACCURATELY
2de0affd-6cc6-4622-b8da-e47c63e93796,INSTALLED_ACCURATELY
2e12ff78-57db-426a-967b-038f31632dde,INSTALLED_ACCURATELY
2e2e3fdf-5be7-4bc9-9d85-4e9f0b8ce81d,INSTALLED_ACCURATELY
2e45a753-bbb6-4fe3-ab0b-220624fb29e4,INSTALLED_ACCURATELY
2f128755-4536-49cb-ac18-5d02875c6d29,INSTALLED_ACCURATELY
2fb1dfdc-7e5a-422d-b8c9-901ef5e6e0cd,INSTALLED_ACCURATELY
2fcf07f1-beef-42bb-88f1-26d614d07a41,INSTALLED_ACCURATELY
3072d4e6-3f42-4c5f-9593-c52b4c40db3f,INSTALLED_ACCURATELY
30d99119-ca01-4605-82ea-103272e78c13,INSTALLED_ACCURATELY
30f2fcac-7551-4a6e-aef8-cc0ab6efbeb4,INSTALLED_ACCURATELY
317ef425-443a-4b55-9c0b-813d90966fa0,INSTALLED_ACCURATELY
31852c67-0db3-4d2d-9398-7026cfea8240,INSTALLED_ACCURATELY
3192f8c3-6e3a-44d6-a73c-81944b36785b,INSTALLED_ACCURATELY
31a853e2-d41b-4202-a3b5-a9bdd6ad1140,INSTALLED_ACCURATELY
32cc499a-885d-48bf-b923-eeee8d29a1d7,INSTALLED_ACCURATELY
32df2a86-4dbf-491f-98fd-419c373ea3b3,INSTALLED_ACCURATELY
330779e8-ec2b-47ff-a84e-258bf20ed564,INSTALLED_ACCURATELY
33814719-5d64-4f8b-88ed-373cd6d5963c,INSTALLED_ACCURATELY
34a51fe9-2520-479b-987b-b66eeebf3a91,INSTALLED_ACCURATELY
351c88b0-0806-49fc-a4b5-455066f9d323,INSTALLED_ACCURATELY
364e0c45-f6f9-429f-b4bf-598e936f4248,INSTALLED_ACCURATELY
366164a9-bc5c-4c52-bc33-3dc4345fc44f,INSTALLED_ACCURATELY
3737a994-5622-4a00-a2ba-02e087121483,INSTALLED_ACCURATELY
376b4a7d-2fcd-4c9a-bb4d-ddfdcc919844,INSTALLED_ACCURATELY
377a7aa3-e2d2-42e1-8097-9dd6a1c56ae4,INSTALLED_ACCURATELY
378acefe-7027-44c0-993c-72253b5924fa,INSTALLED_ACCURATELY
379d5840-192d-4f51-83dd-d98104175622,INSTALLED_ACCURATELY
37ce20ef-c7d7-45c8-a03c-a6122220db37,INSTALLED_ACCURATELY
37d517b5-56eb-460f-b39f-24e6f21e7761,INSTALLED_ACCURATELY
383cec3e-6712-4c80-a47a-331db74d2599,INSTALLED_ACCURATELY
38942faf-ef12-4486-a44b-19125b1051f3,INSTALLED_ACCURATELY
38d38e4c-5dc1-46d7-b7be-8a4e1a8b0039,INSTALLED_ACCURATELY
38f5df84-ddc6-4d6e-9e0a-5d4414f3bac2,INSTALLED_ACCURATELY
38fcecc3-87be-4c3c-ae8a-9879a5550b45,INSTALLED_ACCURATELY
39198e54-6c0b-448a-b34c-5db962898923,INSTALLED_ACCURATELY
39257eb0-b1a3-45da-b709-85861ad5d1bd,INSTALLED_ACCURATELY
3942833b-ddd2-4e2c-9757-bb0a1bb8400c,INSTALLED_ACCURATELY
397e8de1-68e1-4ac3-8e3a-450ce239e99d,INSTALLED_ACCURATELY
39920207-48cc-4178-99c3-71c30a28779c,INSTALLED_ACCURATELY
39d2cb9a-ea0a-450c-a79a-e64e095cce44,INSTALLED_ACCURATELY
3a22a52d-8824-4c0e-81cd-1371513c9c4b,INSTALLED_ACCURATELY
3a3d5b52-7d68-4e2d-9e53-e7eae3b7f437,INSTALLED_ACCURATELY
3ac61ea5-5883-4e9a-97da-0f50cca991a6,INSTALLED_ACCURATELY
3ad68219-7177-4c58-9191-a91ee833e992,INSTALLED_ACCURATELY
3ae57d57-bde0-4623-8216-2547a096383c,INSTALLED_ACCURATELY
3b523282-5773-4bb7-bda9-fb863a4f7f56,INSTALLED_ACCURATELY
3b88bc37-155a-4e39-ac75-3e0c7bf3a0ef,INSTALLED_ACCURATELY
3bb35f48-6196-48c3-acd0-58c819be3ee1,INSTALLED_ACCURATELY
3bc0d412-97aa-4c40-a910-d40c155ba06b,INSTALLED_ACCURATELY
3cee1f91-7944-48c2-8f87-c4caccafec70,INSTALLED_ACCURATELY
3d1f4959-8ecb-4907-8a08-f6309d25922d,INSTALLED_ACCURATELY
3dac4167-2725-4915-9626-d8f75399c256,INSTALLED_ACCURATELY
3e12e27d-95c8-41bc-abec-14ac90af8d6f,INSTALLED_ACCURATELY
3e7d2e2d-1d47-4086-8710-62d07d77b027,INSTALLED_ACCURATELY
3f02797d-af14-442b-8a22-1276312b719a,INSTALLED_ACCURATELY
3f2527e9-016d-426f-8c84-a99b01979bf4,INSTALLED_ACCURATELY
3f4845df-df39-4d37-a5bd-6bd55c642bdd,INSTALLED_ACCURATELY
3f48593f-6544-4d17-8a0a-b949df0c22c9,INSTALLED_ACCURATELY
3fa84a46-986c-478f-9f0c-19bd11989791,INSTALLED_ACCURATELY
401f5d49-3ea1-45e3-a456-670bfad135f6,INSTALLED_ACCURATELY
409286ad-eaed-409a-8ee9-371f717400d7,INSTALLED_ACCURATELY
409c5456-d652-43ea-b157-11f073fedc27,INSTALLED_ACCURATELY
40a87653-5371-4009-b118-74466de2c80b,INSTALLED_ACCURATELY
40d53868-03d9-46f0-a27c-f7eaaa208a13,INSTALLED_ACCURATELY
4193456b-a26c-4e9a-81b1-1dbd39c57aa8,INSTALLED_ACCURATELY
41e77246-280b-450b-82aa-436e85613d3c,INSTALLED_ACCURATELY
42096643-50b9-446a-9943-64d07c87f6af,INSTALLED_ACCURATELY
42139f9c-6991-40ad-8ee5-44c5bb2f9e97,INSTALLED_ACCURATELY
42428ee6-5d18-4cfe-b653-b8cd2f1b8616,INSTALLED_ACCURATELY
425f0570-6074-464b-8881-ff646df44ddb,INSTALLED_ACCURATELY
42ba1d08-034e-4c0c-bf78-b5ff183751d8,INSTALLED_ACCURATELY
4348aad7-372c-4c24-ac5d-f90dd342c3a5,INSTALLED_ACCURATELY
437cf4e3-872e-474d-93f3-ff838b1460b7,INSTALLED_ACCURATELY
43922b0d-abdc-4f02-b883-9dd7c775e6ba,INSTALLED_ACCURATELY
43c6f4b6-f468-4b23-904f-c49bc13125d6,INSTALLED_ACCURATELY
43d4cc3f-4eba-4ba0-b24b-77d12274a259,INSTALLED_ACCURATELY
44b401eb-661b-4dbc-94ef-16b2b01608c2,INSTALLED_ACCURATELY
451057d8-7255-4fc9-95c8-0f48d6849498,INSTALLED_ACCURATELY
452339d8-0c25-467b-983d-ebf8f2260aaa,INSTALLED_ACCURATELY
456514a6-f319-4147-9735-5d96f32c9867,INSTALLED_ACCURATELY
45ca6918-252d-4f30-8803-00f5a9bed5cf,INSTALLED_ACCURATELY
464537e4-497a-4a4e-8da5-af985c60ff1e,INSTALLED_ACCURATELY
4675c65e-93c3-4ae7-b6cc-7d967dd68bb2,INSTALLED_ACCURATELY
46b6be5a-7393-4901-96fa-5f74f193c397,INSTALLED_ACCURATELY
47231d07-cdb0-45a4-b315-5dc06032f34a,INSTALLED_ACCURATELY
473930c7-f471-4de9-b4fe-741cd7f7eff6,INSTALLED_ACCURATELY
47494865-9284-4391-b83e-1ae59adad5e4,INSTALLED_ACCURATELY
4782bb21-15f2-4f8b-a643-f9dc531ef804,INSTALLED_ACCURATELY
47874d11-52eb-4bbc-b337-33efea5bf494,INSTALLED_ACCURATELY
479e0d0d-cda5-45c3-8fb8-ad7534d8c673,INSTALLED_ACCURATELY
47a484e1-0625-4b3e-995e-134cf445811d,INSTALLED_ACCURATELY
4856de3e-7bd2-49df-82f5-9c9060db91ef,INSTALLED_ACCURATELY
48b07ea3-b0c9-40ab-b138-7e89897c6241,INSTALLED_ACCURATELY
48d2ebd2-4bb6-4281-9d83-798eaaf13e5d,INSTALLED_ACCURATELY
499f64b6-e592-4153-a712-b5f8268fc075,INSTALLED_ACCURATELY
4a2d1890-c7b0-4c3a-8669-a29b37da7b05,INSTALLED_ACCURATELY
4a32bdce-1a6c-47f1-a43c-cbc31939b1fa,INSTALLED_ACCURATELY
4a43cea6-4018-4f3d-96a3-3af9babf79e0,INSTALLED_ACCURATELY
4a7c6bad-40a6-4047-9cc5-bffaeb6a5a0b,INSTALLED_ACCURATELY
4a7d062e-39e6-4ec7-a2eb-86d702a88c0c,INSTALLED_ACCURATELY
4a84cc40-df31-4478-a86b-2fccc394d937,INSTALLED_ACCURATELY
4ac8f63c-bb21-4abc-b719-7e9fae2b3ea8,INSTALLED_ACCURATELY
4adee1e1-e03b-4ebe-9fdb-7fc9df13d6e3,INSTALLED_ACCURATELY
4b02a69a-357e-41bd-ad7b-ae22326c0f74,INSTALLED_ACCURATELY
4b85c52f-5b6c-4ed1-b84a-a9f91e1797b9,INSTALLED_ACCURATELY
4bb65a2b-276c-4047-9a3b-bd1d56a31b86,INSTALLED_ACCURATELY
4be27b31-8b02-4f94-9dd7-89bf56b085b9,INSTALLED_ACCURATELY
4c7f8082-7621-4d5d-9e4f-c2ec142df222,INSTALLED_ACCURATELY
4ce460d6-f951-452f-a149-c5666719464b,INSTALLED_ACCURATELY
4d9ba0cb-c18d-4fed-98e0-a4419c6aa5b9,INSTALLED_ACCURATELY
4dc5a5a7-c396-4abe-a0e6-0b9f2668d91b,INSTALLED_ACCURATELY
4e29e1eb-beb1-47be-9677-4a397605b40a,INSTALLED_ACCURATELY
4e4f2ec8-031f-41a8-a13a-071ff7f2846e,INSTALLED_ACCURATELY
4e80c6fd-d8a4-4a5e-99a6-fc0e307a8a2a,INSTALLED_ACCURATELY
4ebac26c-5c4f-4e4a-9d1f-4a3105826ccf,INSTALLED_ACCURATELY
4ebea11a-86a5-40d6-8a0b-c968b3434372,INSTALLED_ACCURATELY
4f586003-cc8e-4d03-b6ca-6022b9dcea13,INSTALLED_ACCURATELY
4f7b69d7-5a75-4ccf-b5df-6b20d1d2bf82,INSTALLED_ACCURATELY
4f95f9e2-9463-4bae-a685-5c7e24c23e42,INSTALLED_ACCURATELY
4fa578dc-f954-433a-9c51-a72d34fd32f1,INSTALLED_ACCURATELY
5004ecf4-6359-4f4e-b75e-6e3f28de1d93,INSTALLED_ACCURATELY
50337b96-1930-426f-ad3b-5d535a73ae2e,INSTALLED_ACCURATELY
51224826-a101-4016-8468-25eb0e860359,INSTALLED_ACCURATELY
512340fc-6c7f-453b-a1b6-f92572eff69e,INSTALLED_ACCURATELY
51336e21-974d-42a6-b091-9bc949dcfa6c,INSTALLED_ACCURATELY
51bfba51-8c37-45a1-a37d-d226346d6c0b,INSTALLED_ACCURATELY
51c548f0-7abf-4022-b671-e50260954e7f,INSTALLED_ACCURATELY
52274e74-3268-4da3-87cd-775c378ba9e2,INSTALLED_ACCURATELY
5235a139-9dac-4caa-88d1-ee2d57263e12,INSTALLED_ACCURATELY
524c6c66-92f9-4f04-b38c-8c5ffc7470d1,INSTALLED_ACCURATELY
52bd85be-0ac3-45ae-bfa3-7ec4bead1bc7,INSTALLED_ACCURATELY
535446c5-b7d3-47ea-be04-c3560a607404,INSTALLED_ACCURATELY
53f346cc-a0f2-4ca6-9f33-cf7574593860,INSTALLED_ACCURATELY
54312809-10fb-4559-a3b1-fadb7260fd70,INSTALLED_ACCURATELY
5440c9f4-0776-4ed4-98ca-caa07fc4c951,INSTALLED_ACCURATELY
547418c5-002f-40d0-abe1-ab13755df0ff,INSTALLED_ACCURATELY
54966aca-2fa8-48df-8b3b-a04a0b7a72b6,INSTALLED_ACCURATELY
553a5667-1aa3-407f-a7fc-b0af3378e1ed,INSTALLED_ACCURATELY
568dd3f1-4712-425b-8ffe-5dc973e2c8ec,INSTALLED_ACCURATELY
56e0800d-5d6c-46f4-8dd7-c8895d0a5d72,INSTALLED_ACCURATELY
57aea552-b020-408d-b7af-5ada727f536d,INSTALLED_ACCURATELY
57cfc9dd-2c0a-4231-8317-4688e7e8fae3,INSTALLED_ACCURATELY
582dd9f4-68b9-4ee0-917c-c98a595ad867,INSTALLED_ACCURATELY
5838beee-929d-443a-876d-83e242a6aca2,INSTALLED_ACCURATELY
588375cc-a250-4320-9e80-f3ce11a4d61b,INSTALLED_ACCURATELY
58e63d71-a31a-4c72-bf47-0d9f6e25664b,INSTALLED_ACCURATELY
5993d1b4-41af-4c8c-8b94-94d80b9a99b8,INSTALLED_ACCURATELY
5af6634c-2152-417b-a30b-1583733a14fc,INSTALLED_ACCURATELY
5afec61c-c1ec-4cb8-903e-29390b8bd83f,INSTALLED_ACCURATELY
5b33f342-5356-46de-b9b2-6fef14b50bfa,INSTALLED_ACCURATELY
5b96ab01-6f45-49f6-a3f0-f63b4499ce1c,INSTALLED_ACCURATELY
5befb641-a729-4cd9-ac6b-a2771c78375e,INSTALLED_ACCURATELY
5c106c91-883d-4247-9b8a-c07007951fec,INSTALLED_ACCURATELY
5c45e038-67fe-429d-96bc-e67aa0b34d4d,INSTALLED_ACCURATELY
5c4b4a84-5ec6-4120-b75d-477d2ea57dc6,INSTALLED_ACCURATELY
5c6d4145-7ca9-4462-9e75-e42717fa294d,INSTALLED_ACCURATELY
5c753673-5b79-4ea0-90ec-125ffafe8b25,INSTALLED_ACCURATELY
5c94e953-9db4-4150-a85e-a57e1f783d62,INSTALLED_ACCURATELY
5c9ad731-ab18-4e78-bad4-773be0fdd297,INSTALLED_ACCURATELY
5df5f247-328d-4635-82da-c4e54850698d,INSTALLED_ACCURATELY
5e3ef1a4-6004-4cae-92ab-51dbbbe01c94,INSTALLED_ACCURATELY
5efdf76e-31ba-47f5-9367-dbe593ba7519,INSTALLED_ACCURATELY
5fcd66c4-d2d7-4113-a52e-d11594db6479,INSTALLED_ACCURATELY
5febf87a-bc0b-4ff4-96bf-68920a5ed3f8,INSTALLED_ACCURATELY
5ff6ae80-09b7-45b4-9ef8-d130f97725ef,INSTALLED_ACCURATELY
603e986e-fa1d-42d2-a0ea-62b62144e8db,INSTALLED_ACCURATELY
6050a17c-a673-48c5-aaaf-cda7904ddde3,INSTALLED_ACCURATELY
607d5945-b881-458e-bf8c-a15d3433eb40,INSTALLED_ACCURATELY
6149b246-20f0-4538-bc58-23b1f4c44d4c,INSTALLED_ACCURATELY
626464db-dbef-440e-9817-04990e79fcd2,INSTALLED_ACCURATELY
62882a4e-287b-4ce9-94c2-b8f8548f1bd7,INSTALLED_ACCURATELY
62d3348b-b600-4f47-bfbb-3c0d2e4726e9,INSTALLED_ACCURATELY
63036775-fba9-4881-b2db-2c55aeab2f22,INSTALLED_ACCURATELY
63055c10-9e11-42b7-a34b-ef0fb5c33228,INSTALLED_ACCURATELY
633398f7-33eb-465c-8783-b1b5a6d08652,INSTALLED_ACCURATELY
6340a756-6e1b-42fa-8dbf-266b7f53b8d9,INSTALLED_ACCURATELY
63685efa-6f15-47d3-b7c7-cabb6f9545e7,INSTALLED_ACCURATELY
63a2d29f-4fd8-470d-9a57-1f0ce59c13cc,INSTALLED_ACCURATELY
641df662-3713-446f-bbd6-8798ff0b6a76,INSTALLED_ACCURATELY
64f2199f-dc59-48be-a4c5-05c438eeb523,INSTALLED_ACCURATELY
65621871-51a0-4b55-82f0-f03b873f3b60,INSTALLED_ACCURATELY
65b7c486-97e3-4f7b-b7c7-be14b303b998,INSTALLED_ACCURATELY
65c0987b-2dd7-428f-aad4-afdddc1069cb,INSTALLED_ACCURATELY
65c36c63-e4c9-4f88-bd9a-8f70a5402af9,INSTALLED_ACCURATELY
65f434ce-3df1-4050-87d5-4723e82d57bc,INSTALLED_ACCURATELY
65fe60b3-a53f-4a7d-9412-b8b6e5296b89,INSTALLED_ACCURATELY
660c0355-88f9-48da-8b2e-c76bc7480b3a,INSTALLED_ACCURATELY
6633ad6b-499a-452e-9c7c-1f2e91952890,INSTALLED_ACCURATELY
6652944c-4c46-4ee2-9742-c33663f0da30,INSTALLED_ACCURATELY
665c47b5-0130-4502-aa4f-aba7f78d2dc6,INSTALLED_ACCURATELY
66cc2cf6-bd75-4af0-b17d-54d187ef0caa,INSTALLED_ACCURATELY
67498e74-4eb5-4fd8-b7a7-8da82a233699,INSTALLED_ACCURATELY
675fefd7-ecf5-435f-b727-4a05db4fcb28,INSTALLED_ACCURATELY
67779f2f-9767-4741-9bb2-81594c2322c8,INSTALLED_ACCURATELY
679f1995-e2fe-4e1d-b573-dde52aaef6c5,INSTALLED_ACCURATELY
67bc8a87-6433-4b11-b547-eafd86e0ea85,INSTALLED_ACCURATELY
67c5bafb-d403-4f45-8815-2a7aab1f2936,INSTALLED_ACCURATELY
67fc2ed5-0677-4f24-abf5-9cad5fd0cfc3,INSTALLED_ACCURATELY
6844fbf5-ec9c-46aa-8909-eb66fa079aca,INSTALLED_ACCURATELY
686b0856-403c-4a3d-9360-86964a80fb6b,INSTALLED_ACCURATELY
68835270-a0b6-414d-86e2-9f6b1bb4111f,INSTALLED_ACCURATELY
6952fc94-dc36-4d6a-b75e-0590899d084a,INSTALLED_ACCURATELY
695e1215-0540-42d3-ad30-1ec67187b9f2,INSTALLED_ACCURATELY
69680eae-ad75-443a-8e2f-c27b3137d7f2,INSTALLED_ACCURATELY
698cad83-7836-4155-bf24-91bce43c8e4d,INSTALLED_ACCURATELY
69adb1b7-8b62-4827-b38b-ff38ffe5a76b,INSTALLED_ACCURATELY
69af62fa-868e-478b-be76-b227c80e733a,INSTALLED_ACCURATELY
69b0411d-158f-489b-bdeb-fcb70b4ce0da,INSTALLED_ACCURATELY
6a5c8869-e852-4440-b532-c8f68b7678c7,INSTALLED_ACCURATELY
6a5d2ea8-add9-48df-b0bb-68ed7884d373,INSTALLED_ACCURATELY
6a822a1c-50f7-4ede-bc8b-45826b98ad7c,INSTALLED_ACCURATELY
6a850315-28b6-45ef-9614-9bebeafb7143,INSTALLED_ACCURATELY
6a8d3bfd-22a3-41b5-8174-e7f95e456060,INSTALLED_ACCURATELY
6ac7c231-4f75-4bde-aac4-141410fa13e9,INSTALLED_ACCURATELY
6afdfe6c-f332-4924-8df8-a0eb16eca40d,INSTALLED_ACCURATELY
6b17018e-2b49-4518-9b01-40097af24fca,INSTALLED_ACCURATELY
6b278b8e-ca44-412b-9bcb-f067eb42ee80,INSTALLED_ACCURATELY
6c1dc3c3-b865-49a7-8f32-774e0aa062b3,INSTALLED_ACCURATELY
6d071076-70b1-46b6-ad60-972c79364819,INSTALLED_ACCURATELY
6d6f9916-a780-40b4-a5ad-6a18c39f6266,INSTALLED_ACCURATELY
6d8fe3b1-52a3-4693-8560-205febb9f755,INSTALLED_ACCURATELY
6db17e13-ebab-4046-b95a-e22f1db9ad5a,INSTALLED_ACCURATELY
6dbf0aae-8c71-4c9f-a6b0-95f58883bb95,INSTALLED_ACCURATELY
6dcea9f9-d312-44c3-b547-09115780b933,INSTALLED_ACCURATELY
6dfce862-4249-4677-9d94-73a515fed65b,INSTALLED_ACCURATELY
6e4a4748-dc08-4437-904a-a6d126111f12,INSTALLED_ACCURATELY
6f5ab946-11f1-4f7d-aa1a-de8e882708a1,INSTALLED_ACCURATELY
6f6c9364-6374-4f52-8d3f-c09bb4bc7929,INSTALLED_ACCURATELY
6feba04c-00b9-48cf-aea0-095c0b2a63c7,INSTALLED_ACCURATELY
705328b3-fd97-4d18-bf90-19bc389fe095,INSTALLED_ACCURATELY
70a36e7c-76b0-4a9d-a9d3-f335d4b4a942,INSTALLED_ACCURATELY
70c706ee-600b-4b02-a504-0012b203d34e,INSTALLED_ACCURATELY
71b02689-4521-4e84-8806-c0690a10e18d,INSTALLED_ACCURATELY
71e67f46-aa13-49de-af57-8c87cd9eba2a,INSTALLED_ACCURATELY
72ed96b3-d028-4b5d-8d51-e05b30010116,INSTALLED_ACCURATELY
7337e141-3e5d-451a-850c-b35a5acb63c6,INSTALLED_ACCURATELY
73a63108-3e6c-4db7-ab4f-a7809a2084b9,INSTALLED_ACCURATELY
73fcca31-fc47-494e-a453-da75220e9b30,INSTALLED_ACCURATELY
74014d6b-5ea1-41b7-a674-6ae07ba0a5cd,INSTALLED_ACCURATELY
7419e1de-0835-4f3f-ace6-bcfd962ecf5d,INSTALLED_ACCURATELY
744e8016-abf5-4927-83ae-9b584c1062ba,INSTALLED_ACCURATELY
746ccfbf-0aec-46df-a363-c0f1dbb636e8,INSTALLED_ACCURATELY
74a948d1-9b16-4563-9048-547bfe756d5e,INSTALLED_ACCURATELY
7526fe3c-3909-4b0b-9d4f-49c42b8c7166,INSTALLED_ACCURATELY
75da1549-1796-4459-bb22-dbc35bf63bdf,INSTALLED_ACCURATELY
75ed259d-564b-49f5-b810-459bb6f00841,INSTALLED_ACCURATELY
76cc91d2-85a3-4414-b5d4-6e5a24c89a99,INSTALLED_ACCURATELY
76fe7db1-0349-48ac-8764-d347abd899f6,INSTALLED_ACCURATELY
770152fe-a2d8-4a58-9cc5-602d7263837a,INSTALLED_ACCURATELY
77246860-5936-485d-acb7-19b7ed5e5c5e,INSTALLED_ACCURATELY
77a714ac-a256-47b9-a900-0e1c0a070425,INSTALLED_ACCURATELY
783ccebd-0f69-4578-9de3-626fd70af554,INSTALLED_ACCURATELY
78afea6e-816a-4f43-8b11-b27c04b31e1b,INSTALLED_ACCURATELY
78d2f897-90b6-4023-9c32-817fcabef2eb,INSTALLED_ACCURATELY
78d7c928-d1a9-4fc2-a8b2-de04796dac0c,INSTALLED_ACCURATELY
793a6b45-85d3-4fb7-96dc-a66e3a41d6db,INSTALLED_ACCURATELY
7966bbf5-e604-43a6-b4a6-f7abbb0fe2b3,INSTALLED_ACCURATELY
7990ca23-97a1-406e-b0e4-0f48ee7d81a0,INSTALLED_ACCURATELY
79bbaf9a-7e75-4eb6-8521-2a6c3d6b882f,INSTALLED_ACCURATELY
7a6c91fc-54b8-46e1-b88d-a5b2bdcae4d8,INSTALLED_ACCURATELY
7a8fa81c-e0be-4be9-800e-d6dff240e62c,INSTALLED_ACCURATELY
7a9e4372-ae34-4325-bd97-159d7e3f5dbd,INSTALLED_ACCURATELY
7ae593bd-49db-40a5-9a1e-873e1ac56a68,INSTALLED_ACCURATELY
7b02804b-8fe2-44ac-b0ab-3ab51376bd3e,INSTALLED_ACCURATELY
7b369305-ab87-4efd-96ce-dbf075a92152,INSTALLED_ACCURATELY
7b388332-3485-4bfb-8670-bc7d38d21f3b,INSTALLED_ACCURATELY
7bea12a3-f2dd-47b8-a011-3c549fe4935e,INSTALLED_ACCURATELY
7c52e858-5098-4f1f-8e90-857754624e7c,INSTALLED_ACCURATELY
7cf24ea7-0ade-4e27-8dc2-6d7c9cb63ce3,INSTALLED_ACCURATELY
7d29c545-a607-42e7-a3e6-1f4ec0084d94,INSTALLED_ACCURATELY
7d8c2e16-5642-44d0-a399-f680bbb03dcd,INSTALLED_ACCURATELY
7dfa15a6-710d-4603-979a-edfc02b00dc3,INSTALLED_ACCURATELY
7e27758c-3add-4951-a747-9f0cbceba6b6,INSTALLED_ACCURATELY
7fef4678-fd0c-445a-ad4b-6054681efbd9,INSTALLED_ACCURATELY
8013ed60-e513-4fe7-8a24-b4a348d101fd,INSTALLED_ACCURATELY
808af43c-a9e5-4951-af4d-c0bfc44effc4,INSTALLED_ACCURATELY
809518f5-bbf4-4321-88d0-6c80d746f470,INSTALLED_ACCURATELY
80d7b83f-7dcd-40f4-8010-b50cd85357a7,INSTALLED_ACCURATELY
80d8d8ae-2ed3-47a1-99ad-1a1a9050bf5b,INSTALLED_ACCURATELY
80db7fa4-10c1-44f8-8798-6819696e6278,INSTALLED_ACCURATELY
80ef0d19-f104-4e6d-a753-9b6b7521e575,INSTALLED_ACCURATELY
8175a35b-0066-4ab1-ad83-fd876c634bf8,INSTALLED_ACCURATELY
822a7068-bf2f-4c6b-be35-8682ba3f7fcc,INSTALLED_ACCURATELY
8243e84c-d45c-47bb-b19c-eb6aeefcc4df,INSTALLED_ACCURATELY
8269fd34-ad85-4890-99ad-049ea82cf67b,INSTALLED_ACCURATELY
827c5d68-0242-49f3-8a20-8446706a1f4a,INSTALLED_ACCURATELY
82a9c98b-7a71-4758-bf23-cced5051b96f,INSTALLED_ACCURATELY
82cec11a-904b-4e5e-8a2c-e5f00f712450,INSTALLED_ACCURATELY
82e24591-8d71-484c-95e2-337ade43f16b,INSTALLED_ACCURATELY
833f3254-ab72-4f0d-8589-bac68deae298,INSTALLED_ACCURATELY
834d9a2c-4f34-4fea-8eb5-3e89d3cb8a3c,INSTALLED_ACCURATELY
83bba015-8868-48b6-893e-b90cdcd1174a,INSTALLED_ACCURATELY
843009d0-123b-4f45-be1c-aa24cc19073e,INSTALLED_ACCURATELY
845b8dcf-7978-41fa-9c8f-dfac738d2e22,INSTALLED_ACCURATELY
8460519d-788d-4626-9f1d-df05e83304ca,INSTALLED_ACCURATELY
847cbb52-6da1-43c0-84f7-19eefa97712e,INSTALLED_ACCURATELY
8484c1e7-1314-4d14-9501-f29108dcfe19,INSTALLED_ACCURATELY
857e3021-922b-4f9b-966a-3a7a7f0cec7f,INSTALLED_ACCURATELY
859a91f2-f6e9-4fca-8bc0-c4f13a16a542,INSTALLED_ACCURATELY
8620609f-46c4-4065-a27c-40f6ee8901df,INSTALLED_ACCURATELY
8646104b-0949-4d6a-a692-006afb0331b4,INSTALLED_ACCURATELY
86f19168-fb32-4716-be43-7a848a9016cc,INSTALLED_ACCURATELY
87eab566-b461-4b92-bbf7-f1e4f5079481,INSTALLED_ACCURATELY
885bff45-19da-49a6-a54b-b385f40a8dec,INSTALLED_ACCURATELY
886d4653-d426-4c86-b81a-285fdc485d05,INSTALLED_ACCURATELY
8936b16a-503a-4ecb-85bc-5bd2188e2fb3,INSTALLED_ACCURATELY
8964c6c6-db0b-4ca9-8882-7736b6e4b74d,INSTALLED_ACCURATELY
8980a498-ccfc-4ed6-8a2d-8ae9eaa8493f,INSTALLED_ACCURATELY
898e6dc1-1350-4f39-8515-da3a0eab3f55,INSTALLED_ACCURATELY
89c9f7e6-af8d-4367-a8bf-75becf4236f7,INSTALLED_ACCURATELY
89d400ae-41d7-40d7-9229-ee02f7e57b06,INSTALLED_ACCURATELY
8abbf0d4-92b5-4cf3-8104-df3b1693408c,INSTALLED_ACCURATELY
8b498f4f-600f-4a15-b66f-4fe2d1fab96b,INSTALLED_ACCURATELY
8b7744a2-6438-4b16-82eb-26043437367b,INSTALLED_ACCURATELY
8be9ffd3-cad1-4d9a-8935-44d5c5265303,INSTALLED_ACCURATELY
8c20f12f-34fb-4a1a-a7e8-d28a848c78cf,INSTALLED_ACCURATELY
8c8770e6-9fb4-4ae9-83d4-4e5983889838,INSTALLED_ACCURATELY
8cafe6e3-8b7d-4f1d-bdf7-f517687d0044,INSTALLED_ACCURATELY
8d510ab5-9404-462f-973c-118f0b8f3b1c,INSTALLED_ACCURATELY
8dad44ba-6e9c-47ee-a687-376dd213218d,INSTALLED_ACCURATELY
8de0621c-6941-4bee-871b-c9970708f599,INSTALLED_ACCURATELY
8de12231-bd54-4485-9459-412e3648a7c7,INSTALLED_ACCURATELY
8e6b77bb-31d0-42c1-9c94-1439e4c7e584,INSTALLED_ACCURATELY
8e6c5a9c-70f5-46b3-be76-6129eb766b79,INSTALLED_ACCURATELY
8eff6634-451d-424a-8078-2aa2c553f681,INSTALLED_ACCURATELY
8f92eb43-3dc5-45c2-8c25-66f080a0ae76,INSTALLED_ACCURATELY
8f951e7b-520d-4ca7-9996-2c68caa60cbf,INSTALLED_ACCURATELY
8faf7db2-4ed0-48fe-8368-88b2f0190068,INSTALLED_ACCURATELY
8fb7fa6a-c568-410d-9993-3de65b539345,INSTALLED_ACCURATELY
8ff1e440-9d17-44f5-9c38-8e5fd51e40fa,INSTALLED_ACCURATELY
90e0d1d5-2356-4425-a0cd-e1c54aee4219,INSTALLED_ACCURATELY
9139290c-81fd-4542-8746-62bb5d9931e3,INSTALLED_ACCURATELY
917c0104-d720-41fd-ac0b-98bbbc84865d,INSTALLED_ACCURATELY
91dd6ca1-6226-4848-a335-23c18eda5d5d,INSTALLED_ACCURATELY
92849c48-9c9b-422b-a195-f7f887510dd6,INSTALLED_ACCURATELY
92fd3ce2-ec19-42c9-85d4-54cbcf48fd98,INSTALLED_ACCURATELY
933e07aa-756e-4274-a90d-0df209737aac,INSTALLED_ACCURATELY
935a6bd6-d135-4d70-b15b-d20710e3a4b1,INSTALLED_ACCURATELY
9411927e-f36f-4c7c-b640-d8136d4e5814,INSTALLED_ACCURATELY
9418dc3f-5e17-4389-9677-970392102aaf,INSTALLED_ACCURATELY
945a15c1-8dd0-4c51-87c1-a971978d3715,INSTALLED_ACCURATELY
9494024b-8911-4ee0-ad36-b98face638e0,INSTALLED_ACCURATELY
959bcd39-f041-47af-a7d6-2c71b2ded285,INSTALLED_ACCURATELY
96423516-893f-44d7-bb34-a16f11424dab,INSTALLED_ACCURATELY
96c02808-1c61-48a2-8074-957e986ebb4e,INSTALLED_ACCURATELY
96e5534a-e643-4bb1-becf-bdcf2ba8ddbe,INSTALLED_ACCURATELY
97021807-829f-41cd-93db-7eed757bd216,INSTALLED_ACCURATELY
974279ce-91fa-4db9-be32-a40329fef65c,INSTALLED_ACCURATELY
978df7bd-6bf8-4cd2-874b-bfbdf0a5be75,INSTALLED_ACCURATELY
97dd8ff0-000b-4d35-92e9-2eff439c547a,INSTALLED_ACCURATELY
981a52ba-bfdf-4132-a5cb-904f704bb71d,INSTALLED_ACCURATELY
9825ddb9-785c-466d-8c96-ae09a87c8fc9,INSTALLED_ACCURATELY
98852bf7-818a-4d64-a60f-239fc093c4bd,INSTALLED_ACCURATELY
98bf95db-245e-4ed4-ac0d-724f0e693aaa,INSTALLED_ACCURATELY
98d1ab84-764c-4234-a777-fd5eb7553158,INSTALLED_ACCURATELY
98ece501-c018-47e2-a637-a697491f3260,INSTALLED_ACCURATELY
98f6ccd8-a3c3-4468-aad4-ed226a8950ac,INSTALLED_ACCURATELY
9954d879-a2fd-4f38-92ef-c85e97981244,INSTALLED_ACCURATELY
99888671-208f-48ca-bf57-a37137e48a4d,INSTALLED_ACCURATELY
99926b4e-c51c-4b14-b375-db0977e07a6a,INSTALLED_ACCURATELY
99fe81dc-eaac-4826-b399-ff60c3daf726,INSTALLED_ACCURATELY
9a14afa9-04ac-46c0-a8e0-d0dbaafd4b12,INSTALLED_ACCURATELY
9a6d7ea9-e683-497c-b7f5-f4bb6baccff3,INSTALLED_ACCURATELY
9a77f900-6c2a-429d-a05c-2578db82160d,INSTALLED_ACCURATELY
9adec71d-110f-4e2c-8b0e-a7dc214bab2c,INSTALLED_ACCURATELY
9b2c8dfc-4a8e-4f5a-98b7-53e0c4aa1264,INSTALLED_ACCURATELY
9b599fd0-0a72-49c4-81d3-6d58657f709f,INSTALLED_ACCURATELY
9bd3b306-fad5-42e6-a0ac-20d213f7f7e4,INSTALLED_ACCURATELY
9bee9a7c-5987-4c50-9b89-7b3509eb7d2f,INSTALLED_ACCURATELY
9c46329f-dad2-405a-be84-39d71d3c5f3e,INSTALLED_ACCURATELY
9c5ff610-76fe-4120-8e58-4cbf5f2f39f3,INSTALLED_ACCURATELY
9d44dda0-6031-47d9-9415-9ec6a983e763,INSTALLED_ACCURATELY
9d5c4512-5653-4cfe-8150-5c1938f00a32,INSTALLED_ACCURATELY
9d606fa7-4641-4679-93ab-ac7d951df660,INSTALLED_ACCURATELY
9d954569-aae9-4579-b201-94c1ffcb2213,INSTALLED_ACCURATELY
9da8444f-3b80-4eae-81eb-7099cf0ec17c,INSTALLED_ACCURATELY
9de38db2-4818-46bf-8059-882d480433c3,INSTALLED_ACCURATELY
9e02a1f6-954f-441f-aa8f-ec86e5e8088e,INSTALLED_ACCURATELY
9e6ed8bf-3304-4861-8f62-e37bc84a62c8,INSTALLED_ACCURATELY
9e73a16e-1007-4906-b2ee-4faea2f9807b,INSTALLED_ACCURATELY
9e73df36-61f7-4cfd-9061-b343cd4d5bc5,INSTALLED_ACCURATELY
9ef2770c-7da4-46ad-a0d4-a7cb2da02b82,INSTALLED_ACCURATELY
9f217ac6-288d-4d3d-b296-e9671be48b1a,INSTALLED_ACCURATELY
9f7cc21c-dd30-440b-a20e-6d8edaefebfc,INSTALLED_ACCURATELY
9fb339a6-4be4-4e0d-adcc-e9221943b7f7,INSTALLED_ACCURATELY
9fbaa953-612a-4af2-b6b0-1383f57b3fa2,INSTALLED_ACCURATELY
9fde8354-978a-4d43-bc19-866d0dc495c0,INSTALLED_ACCURATELY
a01439cf-3107-46a4-b46a-7d48b56b05b7,INSTALLED_ACCURATELY
a0564202-1300-4796-a2d0-76f5ac443bad,INSTALLED_ACCURATELY
a05722c4-c73b-432a-83bc-30e0775a0586,INSTALLED_ACCURATELY
a087ba3a-e2c6-470c-a9ef-bb6590b68c39,INSTALLED_ACCURATELY
a091a405-469c-4c33-9b5a-9eddc6548cac,INSTALLED_ACCURATELY
a144ee61-f9c6-474a-b41b-69b047700c88,INSTALLED_ACCURATELY
a284a8f4-8f81-4ad2-b57a-ea615d35bf95,INSTALLED_ACCURATELY
a297dd0d-b46d-4802-976b-8c46aacebc78,INSTALLED_ACCURATELY
a34e3b7a-0ef6-4b04-981e-16b6bbfba620,INSTALLED_ACCURATELY
a35785fa-3635-4e0f-ae31-98e261e62534,INSTALLED_ACCURATELY
a3c29c9a-e1cd-4644-b02a-5f3a475a64d2,INSTALLED_ACCURATELY
a4209274-5726-4355-936f-fc8f229f335e,INSTALLED_ACCURATELY
a479d35a-0cee-4c63-be88-e02d8778355b,INSTALLED_ACCURATELY
a485ec93-e23b-45b9-918a-c2b13e62f036,INSTALLED_ACCURATELY
a5115133-5c60-48fc-9ab2-ddc6a56e0d2b,INSTALLED_ACCURATELY
a5a17120-5f9a-43bd-ae03-08b77b77ff21,INSTALLED_ACCURATELY
a6011537-05ed-401b-877c-288c15d13926,INSTALLED_ACCURATELY
a6316fe2-d207-4b30-bdf1-1b3d412191ff,INSTALLED_ACCURATELY
a63e18f4-34b8-4e8a-b517-c4e7242165fa,INSTALLED_ACCURATELY
a69bcf07-b1da-4170-ac70-5a2fbac2c3bc,INSTALLED_ACCURATELY
a7543c91-716e-4c0c-8310-2e330986ac39,INSTALLED_ACCURATELY
a77d969d-85b5-43a3-aaa7-84a4a2f089ef,INSTALLED_ACCURATELY
a7d8d881-921b-4d48-bbd3-a6298f72c856,INSTALLED_ACCURATELY
a7da53e1-2743-4356-bd3c-13a6da1cced5,INSTALLED_ACCURATELY
a7fa3002-2afd-4e56-9156-520be6dc2370,INSTALLED_ACCURATELY
a867c402-c2ce-46f1-b9bd-25666cbeb26c,INSTALLED_ACCURATELY
a8c37a31-64f3-42fd-a7f5-a3efa8a56f90,INSTALLED_ACCURATELY
a8e93d09-bab5-4277-af64-912c1ca1f655,INSTALLED_ACCURATELY
a94bad01-863d-480f-8491-e3ed396f760e,INSTALLED_ACCURATELY
a9be25f4-d587-415f-a39a-4d750616e5f5,INSTALLED_ACCURATELY
a9c897bd-0715-4e79-b79f-86920f90e9d1,INSTALLED_ACCURATELY
aa508341-227a-4770-8099-78b6a7c34d61,INSTALLED_ACCURATELY
aa7b656b-2d63-4938-989f-bac388fa05aa,INSTALLED_ACCURATELY
aaa471ac-a23e-4508-bd72-71d374914889,INSTALLED_ACCURATELY
aaafb1ec-1965-4c62-a7bb-f569c4434951,INSTALLED_ACCURATELY
aae9c10c-1486-41c6-917e-fae7c1ab8c9e,INSTALLED_ACCURATELY
ab3edb52-6547-4e9d-aeb7-90dccfdd35f1,INSTALLED_ACCURATELY
abbd2945-3ab8-41c6-9123-09b7a51c7c1c,INSTALLED_ACCURATELY
ad1069ed-283c-4a98-b68b-d735a3785470,INSTALLED_ACCURATELY
adddf848-4b8f-4738-a593-37c1bef19737,INSTALLED_ACCURATELY
ae0930e2-1f36-4d38-85a5-44623e1e7a9b,INSTALLED_ACCURATELY
ae21d4fa-e6f1-4b0c-8ed5-08767c2763ee,INSTALLED_ACCURATELY
ae2bd4f5-204b-4987-82fc-370225ef1e56,INSTALLED_ACCURATELY
aedd167d-bbbd-4083-914b-b22b43559b82,INSTALLED_ACCURATELY
aee4fed1-8614-4489-90cd-6e0f0ad2503e,INSTALLED_ACCURATELY
af1c9b45-9923-44f0-99ea-9729cf90a415,INSTALLED_ACCURATELY
af52f0d4-de6e-4e3d-b63c-2751e10a2c42,INSTALLED_ACCURATELY
afc0a3ff-fe13-42c0-9e36-99dac9fee87b,INSTALLED_ACCURATELY
b0866913-a2d9-4aec-adcd-b9b745c73e98,INSTALLED_ACCURATELY
b1ca9f41-3999-4359-8a22-b0a0de322b2b,INSTALLED_ACCURATELY
b22f8a6c-217d-4003-ba8f-bac369f61c00,INSTALLED_ACCURATELY
b297bcec-83d7-4b23-aa39-34a107c80fab,INSTALLED_ACCURATELY
b2af6478-927e-4b81-b77d-49ee0b2ea794,INSTALLED_ACCURATELY
b2c2db02-580d-457c-85c2-f3a91d722d00,INSTALLED_ACCURATELY
b2debc7d-5f14-4963-8bcd-412f682d302e,INSTALLED_ACCURATELY
b3336761-608f-4a28-bf5b-4df3b7c4489a,INSTALLED_ACCURATELY
b427279d-8d1d-4735-a3b6-b1a7ff5b5f46,INSTALLED_ACCURATELY
b42f4424-061d-4fc1-a706-7dbb585bb35b,INSTALLED_ACCURATELY
b49d1ad0-f23d-45ed-b1f8-5bcff0ead7f8,INSTALLED_ACCURATELY
b4fe96d3-6e52-4684-bcbc-0afe73285644,INSTALLED_ACCURATELY
b501aba8-e047-4ef0-8a69-ae10dbf00e6a,INSTALLED_ACCURATELY
b57afebd-101b-4203-9911-4c11c1401925,INSTALLED_ACCURATELY
b5a437c7-6db2-4a83-8817-b7cf4b5bb59d,INSTALLED_ACCURATELY
b6e4aa77-b786-4945-a545-6a7bd55f2b9e,INSTALLED_ACCURATELY
b6fca3cb-40c3-42a9-b39c-1bcf393e432e,INSTALLED_ACCURATELY
b75a5a99-8424-4cec-8313-d0bebbc5f0cb,INSTALLED_ACCURATELY
b85ad768-4358-46f0-ab90-4c6cf862f850,INSTALLED_ACCURATELY
b9a99746-e637-46c2-9931-65f33cd5161f,INSTALLED_ACCURATELY
ba11d1f9-ae4e-41dc-888a-53cbb368eeb2,INSTALLED_ACCURATELY
bb1681be-5a6f-43d8-806a-76b9c1bb7a81,INSTALLED_ACCURATELY
bb54bb4b-b4a0-4bad-8013-708aebad271e,INSTALLED_ACCURATELY
bb66563a-50f1-4c99-8bcd-c91e025eef73,INSTALLED_ACCURATELY
bbbec92d-5a24-4ccc-a4e0-069f289a4248,INSTALLED_ACCURATELY
bc66ca52-7863-40e4-853c-eca458c7a56c,INSTALLED_ACCURATELY
bc7aa14c-4a9c-40d6-8efd-75543397dfc6,INSTALLED_ACCURATELY
bd0122f7-d6be-4b13-9a5f-9651fbc92cfd,INSTALLED_ACCURATELY
bd5dedb7-5925-4e9f-a552-1926b5024cbe,INSTALLED_ACCURATELY
bda135c3-f4ff-4097-be37-5007b299d8be,INSTALLED_ACCURATELY
bdd79b60-e1c0-4d1e-aab0-ad8e3fcc6253,INSTALLED_ACCURATELY
be40c32b-29a8-4c2a-9321-0abc22872ffc,INSTALLED_ACCURATELY
be8e50c8-4658-4b3f-bdb1-da4b1dfd196d,INSTALLED_ACCURATELY
be969bf5-15d8-4e47-981d-5fcfff2a9c75,INSTALLED_ACCURATELY
bec68397-7619-418c-bbc7-a61c31f8fd1c,INSTALLED_ACCURATELY
becebca5-c171-4fdd-86f9-ee126d7173cc,INSTALLED_ACCURATELY
bee59bba-b5d7-4e95-a3bb-1e92bca47d1d,INSTALLED_ACCURATELY
bf0a8266-fb14-4eef-b008-25c33c3b9f07,INSTALLED_ACCURATELY
bf0b8bac-d4c4-45ba-8631-c178367b1fde,INSTALLED_ACCURATELY
bf86bbe9-1a86-4228-8717-8ff00fa67088,INSTALLED_ACCURATELY
bfdee764-a489-436f-a802-1f44652547f7,INSTALLED_ACCURATELY
c024be97-2a59-4922-b03e-4b413244b023,INSTALLED_ACCURATELY
c03fb14f-7e7d-4be8-98e1-481da827f29e,INSTALLED_ACCURATELY
c0bd126f-3707-4cc4-873a-1fef4386585b,INSTALLED_ACCURATELY
c1397bf6-cefc-489d-9b2f-e1d348ffc431,INSTALLED_ACCURATELY
c13a4133-196f-4557-a067-3d7b35f958be,INSTALLED_ACCURATELY
c15b2bc8-e21f-4dd5-b293-a8b7ff8e4cb5,INSTALLED_ACCURATELY
c292db3d-60fa-4a34-bc24-342c59c507f5,INSTALLED_ACCURATELY
c2d08500-b6f5-41e9-bd3b-2cd1f3cd34c8,INSTALLED_ACCURATELY
c3018836-8162-417b-aee2-a81cc8187d3e,INSTALLED_ACCURATELY
c308b26c-572d-4195-b9de-ec1e6960f0c5,INSTALLED_ACCURATELY
c372d615-e2cf-4783-a507-779f31824fa7,INSTALLED_ACCURATELY
c37585db-58ce-4e2c-931d-d4107e5acd1b,INSTALLED_ACCURATELY
c3b0bb8a-643a-410b-9b71-cc19c8008351,INSTALLED_ACCURATELY
c3bfacf5-b029-48c6-bbfc-3a58f63e41bd,INSTALLED_ACCURATELY
c3c35c34-cdd1-4d94-bcae-c9db8cd937d1,INSTALLED_ACCURATELY
c3cfac37-623d-4081-8fb4-f0c0fd646fec,INSTALLED_ACCURATELY
c437a2be-a65a-4c0d-addb-363fde9c721e,INSTALLED_ACCURATELY
c46405a6-e2ff-4897-8859-1aca11d724b9,INSTALLED_ACCURATELY
c4c8c364-f436-4bef-aa58-696ec9322a9a,INSTALLED_ACCURATELY
c4f35e91-33fc-4146-a4ef-f2405fd318fd,INSTALLED_ACCURATELY
c53a351d-0cbd-4d62-85e4-69bd3c0bdafe,INSTALLED_ACCURATELY
c55b5ed7-7b83-408e-8ffe-c8b723163ce1,INSTALLED_ACCURATELY
c5b71acc-9885-4d0f-8654-d526cfccdc24,INSTALLED_ACCURATELY
c5cb4223-c7d7-4b3b-babf-1841f370f9ae,INSTALLED_ACCURATELY
c5da0b15-572b-44db-b115-bb51c6ab6f76,INSTALLED_ACCURATELY
c6598d0d-9abe-489c-a589-8a421d0d1120,INSTALLED_ACCURATELY
c6842c4f-1cc4-4043-a227-5dba4838c63c,INSTALLED_ACCURATELY
c6ba948f-54e3-4925-b843-d5af96f6a8c1,INSTALLED_ACCURATELY
c6d3e051-50c4-4d6b-b0c9-0ca9b70a36fe,INSTALLED_ACCURATELY
c708d65d-8840-4860-95af-ab65f07f5fec,INSTALLED_ACCURATELY
c7227a0d-59ab-41a0-a8d1-fbf2c275c31d,INSTALLED_ACCURATELY
c7425e8e-90ea-42a9-9f6f-98dc72bd56a9,INSTALLED_ACCURATELY
c831c3dd-0b31-4287-8356-07bb3bc9ae4c,INSTALLED_ACCURATELY
c844f14e-a62b-41b9-a863-6e0379ce6511,INSTALLED_ACCURATELY
c888570e-a0fc-4008-ac24-783a8c938017,INSTALLED_ACCURATELY
c8895ee1-fbb2-43ca-81fe-f87b5dda08f2,INSTALLED_ACCURATELY
c8cfa4d6-b0a4-4d28-8933-a8f8f99be1b8,INSTALLED_ACCURATELY
c8e21aec-1daa-48fc-8f66-be7c4a69f61d,INSTALLED_ACCURATELY
c8ed48ad-8d46-44b4-8bf2-e215014d9bab,INSTALLED_ACCURATELY
c9ef5732-cec0-41c1-baec-4df11ee9715e,INSTALLED_ACCURATELY
c9f5142c-c6f3-4a60-aecd-2fa0c77bf5e1,INSTALLED_ACCURATELY
c9f6fed0-a6a1-428a-a1ff-b7c255899ecb,INSTALLED_ACCURATELY
ca006a21-82e9-4a00-8c84-275c7eb86d9c,INSTALLED_ACCURATELY
ca07dc75-7dab-4b6c-a1a7-b33df39ac368,INSTALLED_ACCURATELY
ca27242e-3621-42a1-b968-9044c479b343,INSTALLED_ACCURATELY
ca7d4733-7111-49cd-8967-1355643bb64c,INSTALLED_ACCURATELY
ca982ccc-a3b2-46c7-9acb-e910730db079,INSTALLED_ACCURATELY
ca9cf6a7-208c-4a31-ab47-df710e9cb96e,INSTALLED_ACCURATELY
cac6e0cf-1bfc-416b-b04e-14e3e3e48554,INSTALLED_ACCURATELY
cad330b0-27b4-4b61-9bfe-1e80271775a5,NO_STATUS_ROW
cbaa089a-8053-4c40-93c5-d0576362b24a,INSTALLED_ACCURATELY
cbbd9686-ee76-464d-b395-ea2a9c93cc5d,INSTALLED_ACCURATELY
cbdc4557-7a31-4543-9022-09848c7b4949,INSTALLED_ACCURATELY
cc4311c3-135b-4ed0-abaa-c0dcbc6fe084,INSTALLED_ACCURATELY
ccb50821-65d5-4388-a106-76b767dcb2cd,INSTALLED_ACCURATELY
ccc5e464-fc34-4d8f-affc-c69c7e4bcc90,INSTALLED_ACCURATELY
ccdbe7e6-1720-41b6-80e6-8d07c1e71e38,INSTALLED_ACCURATELY
ccdfa7b7-24d0-4df4-bb4e-b62a47400c92,INSTALLED_ACCURATELY
cd186049-ec84-4cbd-9ab1-d3caff3c50cb,INSTALLED_ACCURATELY
cd509300-ef20-469e-a9a0-ee90ed2a6cc3,INSTALLED_ACCURATELY
cd70dcdc-e1b8-404d-8630-17a144c23861,INSTALLED_ACCURATELY
cdb537ef-3e78-49c6-b538-06d9f3abe95d,INSTALLED_ACCURATELY
cddc47d4-4fcf-4949-86d1-c69ec3f28788,INSTALLED_ACCURATELY
ce10460e-0630-467e-8a2b-f00e9447011c,INSTALLED_ACCURATELY
ceb88f2f-72aa-406f-b1a5-ec5076822be1,INSTALLED_ACCURATELY
cf26a522-561a-4d9b-a790-74eeceb7e1b6,INSTALLED_ACCURATELY
cf30dfb4-0a20-4063-8347-d8726e94aca5,INSTALLED_ACCURATELY
cf64e184-82ee-432d-82b3-1e0cef64de8b,INSTALLED_ACCURATELY
cf87b26e-face-41f2-a2c5-06841f20d1d0,INSTALLED_ACCURATELY
cfd7f8ba-91c8-4a6b-93da-0d438b27b3e3,INSTALLED_ACCURATELY
cfeacf85-4bf8-404e-a52e-f514c3c752f7,INSTALLED_ACCURATELY
d0268464-3611-48a2-9801-105318db0ae2,INSTALLED_ACCURATELY
d0523584-1fc6-436f-9cd4-a54b1fb234e5,INSTALLED_ACCURATELY
d0adafd4-7ebd-40d2-b76e-b2742d624276,INSTALLED_ACCURATELY
d0d73e8e-220b-4a94-9483-beb391e9e919,INSTALLED_ACCURATELY
d0e4171a-41c0-40a6-a5eb-0eb0d2202f05,INSTALLED_ACCURATELY
d156cbde-5850-4086-8a7e-9ec59f41948b,INSTALLED_ACCURATELY
d19f3228-d340-479c-a532-560ccfe382da,INSTALLED_ACCURATELY
d20f04bf-48c5-456a-a579-5716a4831eaa,INSTALLED_ACCURATELY
d21bb352-9968-4aee-99f5-96ab7717e203,INSTALLED_ACCURATELY
d279ed7d-ff1b-4492-9a01-842d358647de,INSTALLED_ACCURATELY
d2f96895-2668-48a2-9ee3-a9206537383b,INSTALLED_ACCURATELY
d31e9908-44be-4be3-96aa-bf518cc77ccb,INSTALLED_ACCURATELY
d33b46fc-c6d6-49c1-a7d1-838023a228d8,INSTALLED_ACCURATELY
d3e1d67b-215c-498e-9b72-9c580db93b60,INSTALLED_ACCURATELY
d50c6b62-91ab-42e6-83c0-7b039ed27189,INSTALLED_ACCURATELY
d53cce88-2e35-405d-947a-ffb3a785fb6e,INSTALLED_ACCURATELY
d56513fc-0675-4071-a074-4eca013fe08c,INSTALLED_ACCURATELY
d5838dbc-7b82-4b7f-89c0-b661a117fe19,INSTALLED_ACCURATELY
d6391bc1-0bfa-4443-b19a-fde9cb2bab0e,INSTALLED_ACCURATELY
d6516915-ace3-46e8-bc5d-43ae2f03476b,INSTALLED_ACCURATELY
d658b65f-aa22-4781-824a-477eaf9d4359,INSTALLED_ACCURATELY
d721d988-876b-4d9d-a2b6-ba9fbdc6fefe,INSTALLED_ACCURATELY
d7966731-c59f-4352-b0ae-468f474b488d,INSTALLED_ACCURATELY
d7b439ec-fb35-4b8d-b949-27bee0fba257,INSTALLED_ACCURATELY
d8a2ffb0-daa2-479b-89dc-935dc05983c9,INSTALLED_ACCURATELY
d8efac7c-349c-4065-9168-a53548df1893,INSTALLED_ACCURATELY
d944cea9-67ae-4e35-99d8-d95da4011dde,INSTALLED_ACCURATELY
d9b4aa14-2a56-4844-b664-b5cc4d6a0d35,INSTALLED_ACCURATELY
d9c483ff-a74f-40a5-b411-79971b86c7b2,INSTALLED_ACCURATELY
d9d521f8-a3df-45e5-a0fd-42de06d63a1d,INSTALLED_ACCURATELY
da10d765-4ffc-4737-9034-7bf8f66f7bbe,INSTALLED_ACCURATELY
da8796bb-393f-42be-a9da-a614190b30c7,INSTALLED_ACCURATELY
dae58c34-bdb1-459e-afde-c769f3bcda32,INSTALLED_ACCURATELY
db568f02-9b61-436a-b164-346c510abf9c,INSTALLED_ACCURATELY
db772ae7-cc28-4e0b-b3c5-93e9308eb8cc,INSTALLED_ACCURATELY
dba78538-6264-4e26-92bd-ddd6f03ced99,INSTALLED_ACCURATELY
dbb030b5-39c0-4c54-8912-246d10b1699f,INSTALLED_ACCURATELY
dbb3f6de-4a9c-46bc-b577-13833eef2891,INSTALLED_ACCURATELY
dbcef8d5-cb96-44d3-8031-c57178d6644b,INSTALLED_ACCURATELY
dbe485c2-0d09-45f3-bcd9-acc3e186a2cd,INSTALLED_ACCURATELY
dbfbc65c-1784-4d1d-b720-a32fa0f55f91,INSTALLED_ACCURATELY
dc0ba16f-97c9-4ebe-99b6-7abec7b26ebb,INSTALLED_ACCURATELY
dc892433-46bd-412e-948f-c88dd193f287,INSTALLED_ACCURATELY
dc96a26f-b716-4290-9ea9-f2ccaf372638,INSTALLED_ACCURATELY
dd0f9754-08c8-4455-9445-5276235c92d8,INSTALLED_ACCURATELY
dd5e9f01-195d-4ad8-a5bb-8b13fe48d337,INSTALLED_ACCURATELY
dda752b7-0271-4182-9f7b-52979e654ee3,INSTALLED_ACCURATELY
de103a58-6d5e-4042-8d44-9a10fe704b22,INSTALLED_ACCURATELY
de42e3dd-a342-4d75-8fbb-f6fe6c51d3fe,INSTALLED_ACCURATELY
decdb322-492f-4456-b322-cba29e5628b7,INSTALLED_ACCURATELY
df1fdc5c-1a00-49cc-b8a3-e91010271724,INSTALLED_ACCURATELY
df81f11d-fe27-498e-8d68-0423bb00ea6c,INSTALLED_ACCURATELY
e08ca65c-fed4-4fa1-a7ff-2825777b2357,INSTALLED_ACCURATELY
e107c043-fb94-4810-b7d1-bed3a5d6d9f6,INSTALLED_ACCURATELY
e127e3e4-1897-4d58-8df2-5f1b49144098,INSTALLED_ACCURATELY
e1592c71-c693-4498-b80c-bb4e45ab1c54,INSTALLED_ACCURATELY
e17cb25c-fd07-4fec-90a3-1120517684ad,INSTALLED_ACCURATELY
e18f0d7d-2ddd-4763-bf73-95fb61470e36,INSTALLED_ACCURATELY
e1c164f0-8ee6-46a0-9428-6d3915cd68d8,INSTALLED_ACCURATELY
e1f64fdc-4757-4768-a03d-2bd0393dff43,INSTALLED_ACCURATELY
e23c9a9c-3d99-4944-b21e-b3ff6d34ff09,INSTALLED_ACCURATELY
e26516b5-0e06-4604-b5f8-d649c8efe0f2,INSTALLED_ACCURATELY
e265482d-f334-4e14-9e05-31bc1d6bc54d,INSTALLED_ACCURATELY
e2db721e-c1b8-4c7f-a3bb-4bf796fb44e5,INSTALLED_ACCURATELY
e2de4157-a822-49c6-9c8b-2c6b7582e97a,INSTALLED_ACCURATELY
e346df1a-574d-408d-9f26-f84078d59ced,INSTALLED_ACCURATELY
e387b209-b598-49ef-8ac4-f34f58fbecff,INSTALLED_ACCURATELY
e3955808-52e5-4520-9da3-f3faa3df6e0a,INSTALLED_ACCURATELY
e3c2cb42-e0a1-4ff4-87fa-7769d5a7edcb,INSTALLED_ACCURATELY
e40da1e6-15f3-4193-bedb-17bb3dd5357d,INSTALLED_ACCURATELY
e4b756c5-dcd4-47e9-b604-866a7657cda2,INSTALLED_ACCURATELY
e516f3f9-197f-4565-b965-7412453f6dae,INSTALLED_ACCURATELY
e51a651b-140a-42d6-baed-68ce836a0765,INSTALLED_ACCURATELY
e5b9ad77-505c-4cbf-bce4-690835e43a88,INSTALLED_ACCURATELY
e622c217-7501-427d-8c34-dd66977866fa,INSTALLED_ACCURATELY
e6ee5e79-6cd4-48d0-928b-7e1910dc9389,INSTALLED_ACCURATELY
e6faef26-80ea-4a74-a35e-ab45303fd79b,INSTALLED_ACCURATELY
e755edc5-fca0-42b4-8bf7-e502261b33fb,INSTALLED_ACCURATELY
e7c4ee9d-dd19-42a2-9a2a-b9e7d196b224,INSTALLED_ACCURATELY
e7e19da0-40a3-46d4-ae86-af7cd56d47b2,INSTALLED_ACCURATELY
e7f4269b-031f-4ce0-9a25-021fc5b63f22,INSTALLED_ACCURATELY
e8530488-73ec-44d4-b0e6-5d276ff35bc6,INSTALLED_ACCURATELY
e87712b6-560e-498e-8bfb-6cfee25ef56f,INSTALLED_ACCURATELY
e8805506-092b-41d0-8c92-11601aa2cc5b,INSTALLED_ACCURATELY
e8fbb387-718e-4d83-ac08-0d7d34174e8b,INSTALLED_ACCURATELY
e9075f99-d6ed-4392-8148-dd62cd26ade5,INSTALLED_ACCURATELY
e9205d34-4d1e-4b0b-8bb0-5ddf4bec6609,INSTALLED_ACCURATELY
e9a14969-5a34-4ecf-b1e6-118a8162d1ad,INSTALLED_ACCURATELY
eac8715d-fbe8-4c4e-8ffa-8d1bcee55a30,INSTALLED_ACCURATELY
eae303bf-0347-4097-bb79-eb7991023a47,INSTALLED_ACCURATELY
eb6f3724-7cab-4f22-ab05-b37d2dffdf44,INSTALLED_ACCURATELY
ebe117b2-ee67-40ea-b089-83f9755ae734,INSTALLED_ACCURATELY
ec2ced8d-df93-4f23-8bd6-162d7e72a53e,INSTALLED_ACCURATELY
ec3fcc25-292e-4c5e-ad7c-ff01c0dafb6f,INSTALLED_ACCURATELY
eca3010f-a580-42fc-9f37-29e80d6cee66,INSTALLED_ACCURATELY
ecca6d32-abc8-49b0-b1cb-1ee590ccd7f5,INSTALLED_ACCURATELY
ed4f6025-0bb2-4c34-adb1-316e054e12f5,INSTALLED_ACCURATELY
ed839890-4541-455c-88a6-3c56f2a18fe7,INSTALLED_ACCURATELY
edac1237-1f4a-47ce-b601-3bec41a018e3,INSTALLED_ACCURATELY
ee0b2856-e17a-4c28-aeef-f867dc190fdf,INSTALLED_ACCURATELY
ee3b7f72-767e-48c6-b567-4722c7498dc8,INSTALLED_ACCURATELY
ef25486b-3d43-4ee4-a180-9317c2083693,INSTALLED_ACCURATELY
ef40018e-3cfc-4293-919b-7666137f8bd9,INSTALLED_ACCURATELY
ef59292e-a11b-45ec-a289-b4eb21884f91,INSTALLED_ACCURATELY
f056f8df-5056-4297-b4c3-22598b1b513f,INSTALLED_ACCURATELY
f06c508a-7d4c-406c-97ed-a561ab08a031,INSTALLED_ACCURATELY
f124f5b4-ba22-4978-a74c-1a69444b14fd,INSTALLED_ACCURATELY
f1b239cb-f030-4d93-8f7b-d552237071b7,INSTALLED_ACCURATELY
f2365008-2dd7-4517-a0ac-c1eaa962d753,INSTALLED_ACCURATELY
f33c6dc7-9499-46ab-b437-06c83467b62a,INSTALLED_ACCURATELY
f3bcfe52-167e-4b6c-abd6-b9ddf0037494,INSTALLED_ACCURATELY
f3dc3d85-8e9d-4a10-a1a3-f57125ef65fd,INSTALLED_ACCURATELY
f3e2425f-8b70-4b8e-a4ef-766b041dc783,INSTALLED_ACCURATELY
f3fa47c6-185e-4c08-b685-674b5243ba11,INSTALLED_ACCURATELY
f48dca71-f17f-4f3e-93b0-ac8110dcafe0,INSTALLED_ACCURATELY
f4905691-70c2-47ba-8e4b-aae4e6fdefa6,INSTALLED_ACCURATELY
f4b697e6-7b72-4403-a362-4cdfc18d1608,INSTALLED_ACCURATELY
f4d5bcd3-fb62-429f-aaba-de67e978a05d,INSTALLED_ACCURATELY
f4dc365d-44f1-417d-a011-6f3a7b96ee00,INSTALLED_ACCURATELY
f51a6280-3bf2-4da0-ad9d-2fdbe8cb8ea7,INSTALLED_ACCURATELY
f56f5c8d-4065-4ec7-9f9e-97cf467c68ec,INSTALLED_ACCURATELY
f5a2c3dc-3488-4adc-aa90-16ae33ce447d,INSTALLED_ACCURATELY
f5bb89de-d8a3-4e55-8dd5-0171ddff523f,INSTALLED_ACCURATELY
f627336d-acff-40eb-95d0-b8b81afdcb6a,INSTALLED_ACCURATELY
f628a452-698d-4a76-936f-556c8b6b861f,INSTALLED_ACCURATELY
f70e8e16-60e2-4216-bc06-0563be86f2c5,INSTALLED_ACCURATELY
f7d0c0ad-debd-44fd-bd17-ab121e96f27a,INSTALLED_ACCURATELY
f7fe0f7e-5a3d-4d5e-aabd-e21832d1bd21,INSTALLED_ACCURATELY
f7ff125e-b930-4122-963f-dedf0c2597bf,INSTALLED_ACCURATELY
f834e735-664b-4c21-9600-632506cfe285,INSTALLED_ACCURATELY
f8d98882-0616-47f1-ae62-8e9604f7d140,INSTALLED_ACCURATELY
f8f3ec28-6765-40ee-be3b-b0d7595ecfd7,INSTALLED_ACCURATELY
f949b063-673b-427c-8b28-25e8630e8bc1,INSTALLED_ACCURATELY
f956d907-f98c-433a-b6ad-ec992f185f8f,INSTALLED_ACCURATELY
f96feaf4-11e6-4330-af64-66724b4aba00,INSTALLED_ACCURATELY
f9b35704-3f9a-4be1-8e6a-aa0a546a8d9e,INSTALLED_ACCURATELY
fa30f572-6688-416a-82d2-e8718d035669,INSTALLED_ACCURATELY
fa47dbb1-91ff-41fc-a018-eb49888fc423,INSTALLED_ACCURATELY
fb91ff49-276f-4810-b2e3-35a5d68093cf,INSTALLED_ACCURATELY
fbed3b66-22bc-49b7-8d4d-e0969ad6bbee,INSTALLED_ACCURATELY
fbf35f99-65e2-462b-abc9-b318f063f036,INSTALLED_ACCURATELY
fd0d07ee-2a5b-4291-8ddc-181ba60034f9,INSTALLED_ACCURATELY
fd3dfd99-4e03-402f-a8b9-c6fb2586801f,INSTALLED_ACCURATELY
fd77fdfc-e450-4561-aeb0-cc4ad9c353fc,INSTALLED_ACCURATELY
fdb76ab2-348f-4d75-910a-066f669f01f5,INSTALLED_ACCURATELY
fe0fc389-ac0b-4e4e-a8f5-448ab909aee8,INSTALLED_ACCURATELY
fe2c5362-aea9-4c91-8234-418b664b55a6,INSTALLED_ACCURATELY
fe441609-4b27-4f6e-a53d-da725c1b057c,INSTALLED_ACCURATELY
fec90863-17fb-405c-a9d5-5bffa7339426,INSTALLED_ACCURATELY
fecf893b-f985-475b-a7e1-ae74cc2d2d19,INSTALLED_ACCURATELY
fee26c3a-d194-42ab-b7af-4876d80ffea0,INSTALLED_ACCURATELY
fef8f3e4-1378-4e1b-9fa2-967fcd3b17f4,INSTALLED_ACCURATELY
ff856e15-702f-4e66-9252-36a8edaea7ad,INSTALLED_ACCURATELY
ff97f768-8a53-4d4c-98e9-09ada2f3a5e8,INSTALLED_ACCURATELY
ffa7dc72-2496-44f3-aa90-6ba5f129b979,INSTALLED_ACCURATELY
