modelLevelId,levelName,elevationMeters,sourceFileLevelId,isRemoved
74298402-73ff-40d0-b9f7-b758b56865df,Chimney height,-98.0,d429870a-5890-4ad4-8e0a-31a9e746f8f4-005743ae,False
1a473778-b44d-4645-9f30-656f6786d735,DC-FONDATION-FFL,-2.4,3f0d4e0a-8903-4388-8865-39566dad5c31-0023fcb6,False
51244101-0383-4406-a7fb-36a8b4ff3280,Basement Level,-1.5,33524dfc-28da-4a26-a50c-726cbe564916-00523dd1,False
bb981cd5-bb97-4214-8741-20663bb6362d,GB-0G-FFL,-0.2,d429870a-5890-4ad4-8e0a-31a9e746f8f4-005743aa,False
0016c6bd-4b64-42ef-bb3e-491e514c2028,Ground floor level,-0.0705,33524dfc-28da-4a26-a50c-726cbe564916-00523dcc,False
e0881e59-b92a-4ac6-bd03-5d78b2d7c888,FH-0G-FFL,0.0,cb3fe738-520b-4ec5-b265-bfedd2151c55-000a2145,False
344df6bc-729a-4564-af18-e6d181e64d12,DC-0G-FFL,0.0,ffba833f-811d-461f-9591-4a94c3ac3db7-000ae29c,False
7026451f-9464-4206-9730-2df67560d108,GB-0G-FFL,0.0,96080aaf-2c19-4dac-b829-76138ff585b4-000a815f,False
f72da41e-edeb-4592-b1f5-122bba2c5566,DC-0G-FFL,0.0,cb3fe738-520b-4ec5-b265-bfedd2151c55-000a2146,False
d699857d-c2a8-4b23-b9e8-c1e73b19893b,First floor level,3.8,33524dfc-28da-4a26-a50c-726cbe564916-00523dcd,False
51e51f7b-e805-46ed-a23e-07407599fe40,GB-01-FFL,5.1,d429870a-5890-4ad4-8e0a-31a9e746f8f4-005743ab,False
65b08248-2464-4eae-82ad-7a07a26ce5a2,GB-01-FFL,5.3,96080aaf-2c19-4dac-b829-76138ff585b4-000a8161,False
d49219d9-eefa-4cbe-b2f0-0c7f95470b60,FH-01-FFL,5.3,ffba833f-811d-461f-9591-4a94c3ac3db7-000ae285,False
6869795d-9c25-4efb-8601-dc61663ebe6f,DC-01-FFL,5.3,ffba833f-811d-461f-9591-4a94c3ac3db7-000ae297,False
bda4ac69-1f4c-4ceb-bdf8-49d63cbb4e0f,DC-01-FFL,5.3,cb3fe738-520b-4ec5-b265-bfedd2151c55-000a213e,False
d4833eec-4e30-46ff-a27b-d5ac4a98a615,FH-01-FFL,5.3,cb3fe738-520b-4ec5-b265-bfedd2151c55-000a2147,False
c0e6ea4a-dce7-4d1f-8805-6472407f15ae,Second floor level,7.1,33524dfc-28da-4a26-a50c-726cbe564916-00523dce,False
70a288b7-6905-4df3-8736-1f918c9add43,FH-02-FFL,8.8333,cb3fe738-520b-4ec5-b265-bfedd2151c55-000a2142,False
ac4bdbbb-0e7f-4a6a-97d2-991b21403967,FH-02-FFL,8.8333,ffba833f-811d-461f-9591-4a94c3ac3db7-000ae286,False
e999341a-1f9e-4028-81c2-c84108d906f7,Third floor Level,9.4,33524dfc-28da-4a26-a50c-726cbe564916-00523dd0,False
1225e8e1-a271-4542-9832-601077bb8f75,GB-02-FFL,10.4,d429870a-5890-4ad4-8e0a-31a9e746f8f4-005743ac,False
5998dc6a-f610-48e6-86e0-d3d02c8013a7,GB-02-FFL,10.6,96080aaf-2c19-4dac-b829-76138ff585b4-000a8163,False
83c44989-f5fb-4dd8-809b-88d5f4911c66,DC-02-FFL,10.6,ffba833f-811d-461f-9591-4a94c3ac3db7-000ae298,False
0cff5afb-7774-4b1b-aea5-a3859f1e1a10,DC-02-FFL,10.6,cb3fe738-520b-4ec5-b265-bfedd2151c55-000a2141,False
41abf706-ec2e-4a37-82f7-533ad1e4c10e,top level,11.0,33524dfc-28da-4a26-a50c-726cbe564916-00523dcf,False
184bb583-1955-4e81-919d-ef4e22958574,Erase FH-03-FFL,12.3666,ffba833f-811d-461f-9591-4a94c3ac3db7-000ae29b,False
5e7a2b22-c239-4588-8c27-f3aaa496a111,FH-03-FFL,12.4416,cb3fe738-520b-4ec5-b265-bfedd2151c55-000a2143,False
a418671b-b41e-4855-bd93-3c0f58e1760b,FH-03-FFL,12.7756,870e2a2f-4d4b-487a-89c2-eac0f443199d-009bc6b1,False
85eabbe3-b5af-446a-b024-00bc3f48faf7,FH-03-FFL-02,13.4277,f6253aa9-86a5-48c7-ba0d-73dd6e3dc432-003b7420,False
f76acb96-ba81-4d2c-b231-806a2e41365b,FH-TOS1.1 - PHASE 2,13.6,cb3fe738-520b-4ec5-b265-bfedd2151c55-000a214a,False
42995d42-9703-4e00-9ae1-43ecfcf969fe,GB-03-FFL,15.7,d429870a-5890-4ad4-8e0a-31a9e746f8f4-005743ad,False
14d7b592-4465-4095-b590-681a88b2a054,Erase FH-04-FFL,15.9,ffba833f-811d-461f-9591-4a94c3ac3db7-000ae29a,False
21a5e1a8-5320-4445-bbeb-ede65071baa8,GB-03-FFL,15.9,96080aaf-2c19-4dac-b829-76138ff585b4-000a8198,False
0fe81bef-893e-4247-a3d4-0e821f966146,FH-04-FFL,15.9,cb3fe738-520b-4ec5-b265-bfedd2151c55-000a2144,False
5011275b-a692-4d50-9c5b-6dc9a30df77c,DC-03-FFL,15.9,cb3fe738-520b-4ec5-b265-bfedd2151c55-000a213f,False
a8e3fdab-0aff-47e6-97a6-b3c48a1a08f1,DC-03-FFL,15.9,ffba833f-811d-461f-9591-4a94c3ac3db7-000ae299,False
9575c481-8314-40be-8596-a9d7baf757a8,FH-TOS1 - PHASE 1,16.437,cb3fe738-520b-4ec5-b265-bfedd2151c55-000a2148,False
9d492f56-3110-460d-99c6-f78cf3e21ebc,Édicules,17.1,224a62cf-e51b-4b50-8f05-ccce8c809df3-0027953b,False
d4b424d0-4e01-47a1-8763-8a1f93538c5b,DC-04-FFL,17.415,cb3fe738-520b-4ec5-b265-bfedd2151c55-000a2140,False
463d5c4b-7d5c-4557-a6bc-7ee8e0a6e8b3,DC-04-FFL,17.415,ffba833f-811d-461f-9591-4a94c3ac3db7-000ae2aa,False
cf3b8dfc-9691-4250-b599-a60262e0b051,FH-TOS2 - PHASE 1,18.2675,cb3fe738-520b-4ec5-b265-bfedd2151c55-000a2149,False
85a3ed02-ac44-46ce-b330-3e7a7306417c,DC-05-FFL,20.0,cb3fe738-520b-4ec5-b265-bfedd2151c55-000a213d,False
f2376403-d68f-438a-94a6-2fc2ef2510ba,PLU Hauteur Maximale,20.0,4e84d838-4cb9-4032-885f-a4119be0d8be-0010c486,False
e4a9876f-cced-4cf8-b488-9e86074508e1,PLU Hauteur Maximal,20.0,d40d4d12-14e7-4e89-a978-a4ab68a94467-000dfd2d,False
84fab144-684f-424c-b5c1-b3c4013331fe,DC-05-FFL,21.515,ffba833f-811d-461f-9591-4a94c3ac3db7-000ae2a9,False
82717e51-4511-40b0-90b8-9fc6245924f5,DC-06,23.0,cb3fe738-520b-4ec5-b265-bfedd2151c55-000a213c,False
3c61bb55-709b-435a-ba25-c5b6894978c4,PLU + EqT,23.0,d8e127c1-7417-462c-93d0-9874c4c63b1e-000afb0d,False
1bfccae4-5cf4-4785-8fdb-7008a0f863ab,PLU + EqT,23.0,b4412506-0c5f-4db7-b571-c535d15d6f22-0010a83e,False
f80b810e-de4e-43f3-ad6d-c73b3c81552d,Sous-sol parking,45.6032,588579c2-7dfc-4e9d-a33e-bd0975b9fbe7-006ac2f7,False
b14f4873-b04f-43da-b91f-b435a3b2ad19,Level 9,47.83,55063bda-ed64-4fa7-8c10-a7e55f6da439-001ff298,False
730631a1-f2eb-4b1b-97a1-f1b453331f9f,SS_Sous-station,48.1,26416be1-9787-4e10-bef4-cd30fa94aac6-005d3bf7,False
45c1e6d6-188a-4135-b2bf-cf1d5313fc52,SS-B1-Undercroft,48.1,bca5376b-6a17-4074-8da7-fda4be9950d3-0015060e,False
08215ec7-3ad0-4dde-a8d9-fe6ef88bdfa5,SS - 1S - FFL,48.102,2210cd43-599c-4d9b-826e-4d369b8660da-00584b05,False
2a60a381-c78e-4796-8036-242be4f1ee8a,SS-OG-EXT,50.0,bca5376b-6a17-4074-8da7-fda4be9950d3-001506ce,False
29afa874-0c47-4ac2-b1ac-48d93050baa9,RDC_Sous-station,50.1,b644c9fb-2fb3-47eb-babf-3e772949eb1d-005982ba,False
04c5843a-a82b-4a19-a337-0db53c45126e,SS-OG-SSL,50.1,e3e052f9-0156-11d5-9301-0000863f27ad-00000137,False
7b5d5adf-ee81-40bb-9733-bd64100aaa9a,SS - 0G - FFL,50.102,2210cd43-599c-4d9b-826e-4d369b8660da-00584ab4,False
fa06def0-6ab8-48ac-8648-ba2a0634c976,RDC_Générateurs,50.2,b644c9fb-2fb3-47eb-babf-3e772949eb1d-00598203,False
a758bfe6-6b35-4827-be97-212fb977f5dc,GT - 0G - FFL,50.2,2210cd43-599c-4d9b-826e-4d369b8660da-005849a1,False
58e6b23b-afa4-4e78-8819-0e6dd2bcc157,RDC,50.4,c1cf12db-2510-457f-a15e-f12fbce7233d-003b80ad,False
f0f4d409-c2b4-42cf-a8a9-c9497aecb3f7,DC - 0G - FFL,50.4,2210cd43-599c-4d9b-826e-4d369b8660da-00584452,False
7aae581a-972f-44a0-a641-17ae0afb8523,FH-0G-FFL,50.4,ffba833f-811d-461f-9591-4a94c3ac3db7-000ae284,False
8b8db8fe-4f78-471e-8f63-84bdbe4df5f0,Level 8,51.95,bca5376b-6a17-4074-8da7-fda4be9950d3-00150711,False
a3922c85-bb8b-44da-956b-5e710e4c7696,SS-01-SSL,53.2,11669e82-282a-4391-837e-37da29315243-003148fc,False
b93fd689-5044-4b68-9b36-27ec5e9c6ea2,SS-01-FFL,53.8,458c0e49-01bb-11d5-9302-0000863f27ad-000002b6,False
3212b6e6-3b84-4912-9508-c8a6984c8085,SS - 01 - FFL,53.9,05e5d34b-1d30-466b-8086-6ff9781cee43-0058d838,False
4dcf69c9-da40-4272-b787-b7986271d386,R+1 Générateurs,55.5,0cf0d242-dee4-4b2c-8918-48ee8c37268b-003cfeae,False
2d4fce7d-2978-4369-b366-05e68bc3694b,GT - 01 - Signage,55.5,2210cd43-599c-4d9b-826e-4d369b8660da-00584868,False
7aad341b-6ca7-44a8-83a1-be6b61a163ec,R+1 Salles informatiques/Bureaux,55.699,c1cf12db-2510-457f-a15e-f12fbce7233d-003b80b0,False
d824b572-651d-4a1c-b7c3-563903c493a7,Reflected Ceiling Plan FoH 1F,55.7,2210cd43-599c-4d9b-826e-4d369b8660da-00584453,False
c7e5cafe-0d5e-4962-ae5c-562cfd723c73,Reflected Ceiling plan FoH 2F,59.2334,2210cd43-599c-4d9b-826e-4d369b8660da-0058445b,False
a117708f-4b23-4ae1-b63a-3d6f5d77798c,R+2 Bureaux,59.2336,5a651e03-7fa4-4c84-bcf8-2af1a782f313-003cdbfb,False
1d79e289-9c90-4310-bc35-8e3de3185b90,SS - 02 - FFL,59.5,2210cd43-599c-4d9b-826e-4d369b8660da-00584a80,False
e6c67a33-e74b-44b4-810e-4116d9bfd465,SS-02-FFL,60.0,bca5376b-6a17-4074-8da7-fda4be9950d3-001503d8,False
0c26783c-5f10-44f9-bdb9-9bc2f9149bde,Genset building_Wall Type_02,60.8,2210cd43-599c-4d9b-826e-4d369b8660da-0058473a,False
df9cfadd-d114-4c98-8288-214ff8b2a344,R+2 Générateurs,60.8,0cf0d242-dee4-4b2c-8918-48ee8c37268b-003cfeaf,False
3de3074c-e362-4660-ae57-20800c46440e,R+2 Phase 2_Wall Type-Floor Finish & Slab Treatment Data,61.0,2210cd43-599c-4d9b-826e-4d369b8660da-00584454,False
fe86d415-e592-48b1-b672-2062a734113f,R+2  Salles informatiques,61.0,c1cf12db-2510-457f-a15e-f12fbce7233d-003b80b1,False
0721f49b-84fb-4136-9a8d-0f8a4ef600cf,Toiture Sous-station,61.2,0cf0d242-dee4-4b2c-8918-48ee8c37268b-003cffd2,False
2945d391-4f63-4682-9830-c7386f893311,R+3 Bureaux,62.7666,c1cf12db-2510-457f-a15e-f12fbce7233d-003b80b4,False
0406d2ac-22ea-4e95-b7b7-4d081f8003ee,FH - 03 - FFL,62.7667,2210cd43-599c-4d9b-826e-4d369b8660da-00584456,False
949756fb-d66c-4d8b-a8ce-ea34ee033e94,Toiture Générateurs,66.1,0cf0d242-dee4-4b2c-8918-48ee8c37268b-003cfeb0,False
c596f6b3-7766-44f2-bb43-ada50deefc8a,GT - 03 - FFL,66.1,2210cd43-599c-4d9b-826e-4d369b8660da-00584869,False
c4c22a3f-1851-4b82-bd8b-083faaf6080c,Toiture,66.3,c1cf12db-2510-457f-a15e-f12fbce7233d-003b80b3,False
d4bed9a4-8cd4-49ff-b932-6bd63f323ded,FH - 04 - FFL,66.3,2210cd43-599c-4d9b-826e-4d369b8660da-00584455,False
c6012942-6473-4c14-890a-7666eff6781c,Toiture technique,67.815,c1cf12db-2510-457f-a15e-f12fbce7233d-003b80b7,False
54364404-9ed1-42f7-8871-8bdecb76db73,DC - 04 - FFL,67.815,2210cd43-599c-4d9b-826e-4d369b8660da-00584457,False
016cc9de-e203-4d4c-b5cd-cc6e6374e388,Limite PLU,70.4,c1cf12db-2510-457f-a15e-f12fbce7233d-003b80b9,False
2eb1afa4-e3e4-485e-8394-7187563a2b20,Limit PLU,70.4,2210cd43-599c-4d9b-826e-4d369b8660da-00584459,False
7b3d03e2-4e32-43c9-b100-a9f217da7708,DC-Chillers,70.76,65d4270f-b1f0-428f-9e60-6ada33fbad44-0134b910,False
c9971584-c2b0-41bb-bea3-9869eb08b0ec,Limit PLU - Eq Tqn,73.4,2210cd43-599c-4d9b-826e-4d369b8660da-00584458,False
977841c1-a969-4d4a-8030-312fdbbf95b7,Limite PLU - Eq. techniques,73.4,c1cf12db-2510-457f-a15e-f12fbce7233d-003b80b8,False
