modelElementId,installationStatus,sourceFileElementIds,modelsContaining
1793259a-018e-4bfb-a7c2-06126102efa4,INSTALLED_ACCURATELY,eff6278e-830f-4310-8cdc-c2a84af73fbe-006c4f45,1
2fcf07f1-beef-42bb-88f1-26d614d07a41,INSTALLED_ACCURATELY,eff6278e-830f-4310-8cdc-c2a84af73fbe-006c4325,1
37d517b5-56eb-460f-b39f-24e6f21e7761,INSTALLED_ACCURATELY,eff6278e-830f-4310-8cdc-c2a84af73fbe-006c50cc,1
69b0411d-158f-489b-bdeb-fcb70b4ce0da,INSTALLED_ACCURATELY,eff6278e-830f-4310-8cdc-c2a84af73fbe-006c4f57,1
74a948d1-9b16-4563-9048-547bfe756d5e,INSTALLED_ACCURATELY,eff6278e-830f-4310-8cdc-c2a84af73fbe-006c508f,1
7a6c91fc-54b8-46e1-b88d-a5b2bdcae4d8,INSTALLED_ACCURATELY,eff6278e-830f-4310-8cdc-c2a84af73fbe-006c46dd,1
834d9a2c-4f34-4fea-8eb5-3e89d3cb8a3c,INSTALLED_ACCURATELY,eff6278e-830f-4310-8cdc-c2a84af73fbe-006c4ec1,1
89d400ae-41d7-40d7-9229-ee02f7e57b06,INSTALLED_ACCURATELY,eff6278e-830f-4310-8cdc-c2a84af73fbe-006c3e1a,1
9825ddb9-785c-466d-8c96-ae09a87c8fc9,INSTALLED_ACCURATELY,eff6278e-830f-4310-8cdc-c2a84af73fbe-006c4ece,1
b427279d-8d1d-4735-a3b6-b1a7ff5b5f46,INSTALLED_ACCURATELY,eff6278e-830f-4310-8cdc-c2a84af73fbe-006c50c9,1
bd5dedb7-5925-4e9f-a552-1926b5024cbe,INSTALLED_ACCURATELY,eff6278e-830f-4310-8cdc-c2a84af73fbe-006c4ed4,1
c844f14e-a62b-41b9-a863-6e0379ce6511,INSTALLED_ACCURATELY,eff6278e-830f-4310-8cdc-c2a84af73fbe-006c4847,1
cf26a522-561a-4d9b-a790-74eeceb7e1b6,INSTALLED_ACCURATELY,eff6278e-830f-4310-8cdc-c2a84af73fbe-006c4f51,1
f3dc3d85-8e9d-4a10-a1a3-f57125ef65fd,INSTALLED_ACCURATELY,eff6278e-830f-4310-8cdc-c2a84af73fbe-006c4974,1
12398bf3-dae3-4c29-8275-a97e1cb64d5c,NO_STATUS_ROW,fa820000-bb28-475e-860e-422b67b2455b-005fa796,3
cad330b0-27b4-4b61-9bfe-1e80271775a5,NO_STATUS_ROW,fa820000-bb28-475e-860e-422b67b2455b-005fa797,3
